exp,ymd,water,type,trt,bottle,bioreactor,beads,bioreactor_n,flowrate,hours_elapsed,mean_doc,sd_doc,se_doc,mean_tdn,se_tdn,mean_din,se_din,mean_don,se_don,mean_no3,se_no3,mean_no2,se_no2,mean_nh4,se_nh4,mean_ba,sd_ba,dna_type,dna_location,dna_id,date,water_lab,trt_lab,stage,flow_rate_ml_min,n_doc_vials_raw,n_doc_vials
BR14-1,20140919,UCSBintake,bioreactor,flowthru,NA,NA,NA,0,NA,0,60.26908263305322,0.8690392111313071,0.3547837722904203,NA,NA,NA,NA,NA,NA,NA,NA,NA,NA,NA,NA,NA,NA,NA,NA,NA,2014-09-19,UCSB intake,ambient,0,NA,5.999999999999999,6
BR14-1,20140919,UCSBintake,bioreactor,flowthru,NA,1,homogenous,1,0.0666666666666667,4,58.692051820728295,1.1368512205954209,0.6563613582393208,NA,NA,NA,NA,NA,NA,NA,NA,NA,NA,NA,NA,NA,NA,NA,NA,NA,2014-09-19,UCSB intake,ambient,1,4,3.0000000000000004,3
BR14-1,20140919,UCSBintake,bioreactor,flowthru,NA,3,homogenous,1,0.06666666666666667,4,59.245739962651726,1.2966323722395088,0.7486110491524635,NA,NA,NA,NA,NA,NA,NA,NA,NA,NA,NA,NA,NA,NA,NA,NA,NA,2014-09-19,UCSB intake,ambient,1,4,2.9999999999999996,3
BR14-1,20140919,UCSBintake,bioreactor,flowthru,NA,5,mixed,1,0.06666666666666667,4,58.87692577030813,0.9954821089029079,0.5747418635485503,NA,NA,NA,NA,NA,NA,NA,NA,NA,NA,NA,NA,NA,NA,NA,NA,NA,2014-09-19,UCSB intake,ambient,1,4,2.9999999999999996,3
BR14-1,20140919,UCSBintake,bioreactor,flowthru,NA,7,mixed,1,0.06666666666666667,4,60.357784780578896,1.2982984274372613,0.7495729465693707,NA,NA,NA,NA,NA,NA,NA,NA,NA,NA,NA,NA,NA,NA,NA,NA,NA,2014-09-19,UCSB intake,ambient,1,4,2.9999999999999996,3
BR14-2,20140930,UCSBintake,bioreactor,flowthru,NA,NA,NA,0,NA,0,60.93814432989691,0.5226836883752496,0.21338472223254218,NA,NA,NA,NA,NA,NA,NA,NA,NA,NA,NA,NA,NA,NA,NA,NA,NA,2014-09-30,UCSB intake,ambient,0,NA,5.999999999999999,6
BR14-2,20140930,UCSBintake,bioreactor,flowthru,NA,1,homogenous,1,0.0666666666666667,4,61.77938144329897,1.0886042541978425,0.7697594501718185,NA,NA,NA,NA,NA,NA,NA,NA,NA,NA,NA,NA,NA,NA,NA,NA,NA,2014-09-30,UCSB intake,ambient,1,4,2.0000000000000004,2
BR14-2,20140930,UCSBintake,bioreactor,flowthru,NA,3,homogenous,1,0.06666666666666667,4,61.30630011454753,0.5788040697400426,0.33417268547246454,NA,NA,NA,NA,NA,NA,NA,NA,NA,NA,NA,NA,NA,NA,NA,NA,NA,2014-09-30,UCSB intake,ambient,1,4,2.9999999999999996,3
BR14-2,20140930,UCSBintake,bioreactor,flowthru,NA,5,mixed,1,0.06666666666666667,4,61.68888888888889,0.60703602486325825,0.3504724123626025,NA,NA,NA,NA,NA,NA,NA,NA,NA,NA,NA,NA,NA,NA,NA,NA,NA,2014-09-30,UCSB intake,ambient,1,4,2.9999999999999996,3
BR14-2,20140930,UCSBintake,bioreactor,flowthru,NA,7,mixed,1,0.06666666666666667,4,61.92142038946162,1.015417884265635,0.5862517888207246,NA,NA,NA,NA,NA,NA,NA,NA,NA,NA,NA,NA,NA,NA,NA,NA,NA,2014-09-30,UCSB intake,ambient,1,4,3.0000000000000004,3
BR14-3,20141014,UCSBintake,bioreactor,flowthru,NA,NA,NA,0,NA,0,65.06118967452299,0.9009587640702453,0.3678148752101126,NA,NA,NA,NA,NA,NA,NA,NA,NA,NA,NA,NA,NA,NA,NA,NA,NA,2014-10-14,UCSB intake,ambient,0,NA,5.999999999999999,6
BR14-3,20141014,UCSBintake,bioreactor,flowthru,NA,1,homogenous,1,0.0666666666666667,4,64.80754208754207,1.1634170071127778,0.6716991222363511,NA,NA,NA,NA,NA,NA,NA,NA,NA,NA,NA,NA,NA,NA,NA,NA,NA,2014-10-14,UCSB intake,ambient,1,4,2.9999999999999996,3
BR14-3,20141014,UCSBintake,bioreactor,flowthru,NA,3,homogenous,1,0.06666666666666667,4,66.16332210998877,0.377830189761865,0.21814036176698015,NA,NA,NA,NA,NA,NA,NA,NA,NA,NA,NA,NA,NA,NA,NA,NA,NA,2014-10-14,UCSB intake,ambient,1,4,2.9999999999999996,3
BR14-3,20141014,UCSBintake,bioreactor,flowthru,NA,5,mixed,1,0.06666666666666667,4,65.42482603815937,1.0295600410737102,0.5944167668607888,NA,NA,NA,NA,NA,NA,NA,NA,NA,NA,NA,NA,NA,NA,NA,NA,NA,2014-10-14,UCSB intake,ambient,1,4,2.9999999999999996,3
BR14-3,20141014,UCSBintake,bioreactor,flowthru,NA,7,mixed,1,0.06666666666666667,4,66.48543209876543,1.0508125683022735,0.6066869191771597,NA,NA,NA,NA,NA,NA,NA,NA,NA,NA,NA,NA,NA,NA,NA,NA,NA,2014-10-14,UCSB intake,ambient,1,4,2.9999999999999996,3
BR14-4,20141016,UCSBintake,bioreactor,flowthru,NA,NA,NA,0,NA,0,64.49354116344607,1.3573451020696206,0.5541338174894203,NA,NA,NA,NA,NA,NA,NA,NA,NA,NA,NA,NA,NA,NA,NA,NA,NA,2014-10-16,UCSB intake,ambient,0,NA,5.999999999999999,6
BR14-4,20141016,UCSBintake,bioreactor,flowthru,NA,1,homogenous,1,0.0666666666666667,4,65.44753421900162,1.3560365176846219,0.7829080485161792,NA,NA,NA,NA,NA,NA,NA,NA,NA,NA,NA,NA,NA,NA,NA,NA,NA,2014-10-16,UCSB intake,ambient,1,4,2.9999999999999996,3
BR14-4,20141016,UCSBintake,bioreactor,flowthru,NA,3,homogenous,1,0.06666666666666667,4,63.828321256038656,2.1008493974072486,1.2129259651199382,NA,NA,NA,NA,NA,NA,NA,NA,NA,NA,NA,NA,NA,NA,NA,NA,NA,2014-10-16,UCSB intake,ambient,1,4,2.9999999999999987,3
BR14-4,20141016,UCSBintake,bioreactor,flowthru,NA,5,mixed,1,0.06666666666666667,4,63.859571256038656,1.6487462501946373,0.95190409137526,NA,NA,NA,NA,NA,NA,NA,NA,NA,NA,NA,NA,NA,NA,NA,NA,NA,2014-10-16,UCSB intake,ambient,1,4,2.9999999999999996,3
BR14-4,20141016,UCSBintake,bioreactor,flowthru,NA,7,mixed,1,0.06666666666666667,4,63.547071256038656,0.9684388189978617,0.5591284128420987,NA,NA,NA,NA,NA,NA,NA,NA,NA,NA,NA,NA,NA,NA,NA,NA,NA,2014-10-16,UCSB intake,ambient,1,4,3.0000000000000004,3
BR14-5,20141024,UCSBintake,bioreactor,flowthru,NA,NA,NA,0,NA,0,63.15412355040143,0.19308483040265195,0.11147757880940434,NA,NA,NA,NA,NA,NA,NA,NA,NA,NA,NA,NA,NA,NA,NA,NA,NA,2014-10-24,UCSB intake,ambient,0,NA,2.9999999999999996,3
BR14-5,20141024,UCSBintake,bioreactor,flowthru,NA,1,homogenous,1,0.0666666666666667,4,62.178605659629305,0.5861655661732976,0.3384228474198428,NA,NA,NA,NA,NA,NA,NA,NA,NA,NA,NA,NA,NA,NA,NA,NA,NA,2014-10-24,UCSB intake,ambient,1,4,2.9999999999999996,3
BR14-5,20141024,UCSBintake,bioreactor,flowthru,NA,3,homogenous,1,0.06666666666666667,4,60.20402938844287,0.22115835866883943,0.12768583791099025,NA,NA,NA,NA,NA,NA,NA,NA,NA,NA,NA,NA,NA,NA,NA,NA,NA,2014-10-24,UCSB intake,ambient,1,4,2.9999999999999996,3
BR14-5,20141024,UCSBintake,bioreactor,flowthru,NA,5,mixed,1,0.06666666666666667,4,60.83020641292497,0.973844535472412,0.5622494047038432,NA,NA,NA,NA,NA,NA,NA,NA,NA,NA,NA,NA,NA,NA,NA,NA,NA,2014-10-24,UCSB intake,ambient,1,4,2.9999999999999987,3
BR14-5,20141024,UCSBintake,bioreactor,flowthru,NA,7,mixed,1,0.06666666666666667,4,61.37540415303797,0.2182709946752357,0.1260188175320347,NA,NA,NA,NA,NA,NA,NA,NA,NA,NA,NA,NA,NA,NA,NA,NA,NA,2014-10-24,UCSB intake,ambient,1,4,3.0000000000000004,3
BR14-6,20141030,UCSBintake,bioreactor,flowthru,NA,NA,NA,0,NA,0,60.923997724089645,0.650493509377232,0.3755626027450493,NA,NA,NA,NA,NA,NA,NA,NA,NA,NA,NA,NA,NA,NA,NA,NA,NA,2014-10-30,UCSB intake,ambient,0,NA,2.9999999999999987,3
BR14-6,20141030,UCSBintake,bioreactor,flowthru,NA,1,homogenous,1,0.0666666666666667,4,61.17983339169002,0.9256477598210536,0.5344229833074594,NA,NA,NA,NA,NA,NA,NA,NA,NA,NA,NA,NA,NA,NA,NA,NA,NA,2014-10-30,UCSB intake,ambient,1,4,2.9999999999999996,3
BR14-6,20141030,UCSBintake,bioreactor,flowthru,NA,3,homogenous,1,0.06666666666666667,4,61.95481004901961,2.072051106920003,1.196299264354926,NA,NA,NA,NA,NA,NA,NA,NA,NA,NA,NA,NA,NA,NA,NA,NA,NA,2014-10-30,UCSB intake,ambient,1,4,2.9999999999999996,3
BR14-6,20141030,UCSBintake,bioreactor,flowthru,NA,5,mixed,1,0.06666666666666667,4,61.3343618697479,0.560535627663281,0.3963585434173637,NA,NA,NA,NA,NA,NA,NA,NA,NA,NA,NA,NA,NA,NA,NA,NA,NA,2014-10-30,UCSB intake,ambient,1,4,2.0000000000000004,2
BR14-6,20141030,UCSBintake,bioreactor,flowthru,NA,7,mixed,1,0.06666666666666667,4,64.12287727591037,1.0101525445522022,0.7142857142857082,NA,NA,NA,NA,NA,NA,NA,NA,NA,NA,NA,NA,NA,NA,NA,NA,NA,2014-10-30,UCSB intake,ambient,1,4,2.0000000000000004,2
BR14-7,20141103,UCSBintake,bioreactor,flowthru,NA,NA,NA,0,NA,0,63.52521657250471,0.669684192004285,0.386642348525711,NA,NA,NA,NA,NA,NA,NA,NA,NA,NA,NA,NA,NA,NA,NA,NA,NA,2014-11-03,UCSB intake,ambient,0,NA,2.9999999999999996,3
BR14-7,20141103,UCSBintake,bioreactor,flowthru,NA,1,homogenous,1,0.0666666666666667,4,62.43764595103579,0.2734768702495674,0.15789194465572412,NA,NA,NA,NA,NA,NA,NA,NA,NA,NA,NA,NA,NA,NA,NA,NA,NA,2014-11-03,UCSB intake,ambient,1,4,2.9999999999999987,3
BR14-7,20141103,UCSBintake,bioreactor,flowthru,NA,3,homogenous,1,0.06666666666666667,4,61.78322033898305,0.29871907442730733,0.17246553803268175,NA,NA,NA,NA,NA,NA,NA,NA,NA,NA,NA,NA,NA,NA,NA,NA,NA,2014-11-03,UCSB intake,ambient,1,4,2.9999999999999996,3
BR14-7,20141103,UCSBintake,bioreactor,flowthru,NA,5,mixed,1,0.06666666666666667,4,61.108079096045195,0.4417299963569952,0.2550329323058436,NA,NA,NA,NA,NA,NA,NA,NA,NA,NA,NA,NA,NA,NA,NA,NA,NA,2014-11-03,UCSB intake,ambient,1,4,2.9999999999999996,3
BR14-7,20141103,UCSBintake,bioreactor,flowthru,NA,7,mixed,1,0.06666666666666667,4,61.63915254237289,0.6077211638849848,0.35086797756122867,NA,NA,NA,NA,NA,NA,NA,NA,NA,NA,NA,NA,NA,NA,NA,NA,NA,2014-11-03,UCSB intake,ambient,1,4,2.9999999999999987,3
BR14-8,20141115,UCSBintake,bioreactor,flowthru,NA,NA,NA,0,NA,0,72.74939530367233,0.11746114625024186,0.06781622440689915,NA,NA,NA,NA,NA,NA,NA,NA,NA,NA,NA,NA,NA,NA,NA,NA,NA,2014-11-15,UCSB intake,ambient,0,NA,2.9999999999999987,3
BR14-8,20141115,UCSBintake,bioreactor,flowthru,NA,1,homogenous,1,0.0666666666666667,4,71.03093955979286,1.0975051918134302,0.6336449179304958,NA,NA,NA,NA,NA,NA,NA,NA,NA,NA,NA,NA,NA,NA,NA,NA,NA,2014-11-15,UCSB intake,ambient,1,4,2.9999999999999996,3
BR14-8,20141115,UCSBintake,bioreactor,flowthru,NA,3,homogenous,1,0.06666666666666667,4,72.52905632062148,1.5820016121461724,1.118644067796609,NA,NA,NA,NA,NA,NA,NA,NA,NA,NA,NA,NA,NA,NA,NA,NA,NA,2014-11-15,UCSB intake,ambient,1,4,2.0000000000000004,2
BR14-8,20141115,UCSBintake,bioreactor,flowthru,NA,5,mixed,1,0.06666666666666667,4,70.85768155602638,0.8680930838706943,0.5011937756543977,NA,NA,NA,NA,NA,NA,NA,NA,NA,NA,NA,NA,NA,NA,NA,NA,NA,2014-11-15,UCSB intake,ambient,1,4,3.0000000000000004,3
BR14-8,20141115,UCSBintake,bioreactor,flowthru,NA,7,mixed,1,0.06666666666666667,4,72.61851018126178,1.3850577567067082,0.7996634686777973,NA,NA,NA,NA,NA,NA,NA,NA,NA,NA,NA,NA,NA,NA,NA,NA,NA,2014-11-15,UCSB intake,ambient,1,4,2.9999999999999987,3
BR15-1,20150310,UCSBintake,bioreactor,flowthru,NA,NA,NA,0,NA,0,62.86393274853801,1.0216460966971324,0.41708527243568283,NA,NA,NA,NA,NA,NA,NA,NA,NA,NA,NA,NA,NA,NA,NA,NA,NA,2015-03-10,UCSB intake,ambient,0,NA,5.999999999999999,6
BR15-1,20150310,UCSBintake,bioreactor,flowthru,NA,1,homogenous,1,0.06666666666666667,1,56.40837719298245,0.6029015713274765,0.42631578947368354,NA,NA,NA,NA,NA,NA,NA,NA,NA,NA,NA,NA,NA,NA,NA,NA,NA,2015-03-10,UCSB intake,ambient,1,4,2.0000000000000004,2
BR15-1,20150310,UCSBintake,bioreactor,flowthru,NA,1,homogenous,1,0.06666666666666667,3,55.62592105263157,1.1884356076784426,0.8403508771929821,NA,NA,NA,NA,NA,NA,NA,NA,NA,NA,NA,NA,NA,NA,NA,NA,NA,2015-03-10,UCSB intake,ambient,1,4,2.0000000000000004,2
BR15-1,20150310,UCSBintake,bioreactor,flowthru,NA,1,homogenous,1,0.06666666666666667,4,55.61364035087719,NA,NA,NA,NA,NA,NA,NA,NA,NA,NA,NA,NA,NA,NA,NA,NA,NA,NA,NA,2015-03-10,UCSB intake,ambient,1,4,NA,1
BR15-1,20150310,UCSBintake,bioreactor,flowthru,NA,1,homogenous,1,0.0666666666666667,5,56.27504385964912,0.096761980583416,0.06842105263157448,NA,NA,NA,NA,NA,NA,NA,NA,NA,NA,NA,NA,NA,NA,NA,NA,NA,2015-03-10,UCSB intake,ambient,1,4,2.0000000000000004,2
BR15-1,20150310,UCSBintake,bioreactor,flowthru,NA,1,homogenous,1,0.06666666666666667,6,55.538201754385966,0.6872581697848174,0.48596491228069993,NA,NA,NA,NA,NA,NA,NA,NA,NA,NA,NA,NA,NA,NA,NA,NA,NA,2015-03-10,UCSB intake,ambient,1,4,2.0000000000000004,2
BR15-1,20150310,UCSBintake,bioreactor,flowthru,NA,3,homogenous,1,0.06666666666666667,1,55.36627192982456,0.02729184067737529,0.019298245614034926,NA,NA,NA,NA,NA,NA,NA,NA,NA,NA,NA,NA,NA,NA,NA,NA,NA,2015-03-10,UCSB intake,ambient,1,4,2.0000000000000004,2
BR15-1,20150310,UCSBintake,bioreactor,flowthru,NA,3,homogenous,1,0.0666666666666667,3,53.78381578947368,0.8311606024473388,0.5877192982456094,NA,NA,NA,NA,NA,NA,NA,NA,NA,NA,NA,NA,NA,NA,NA,NA,NA,2015-03-10,UCSB intake,ambient,1,4,1.9999999999999996,2
BR15-1,20150310,UCSBintake,bioreactor,flowthru,NA,3,homogenous,1,0.06666666666666667,4,55.88557017543859,1.7739696440294088,1.2543859649122806,NA,NA,NA,NA,NA,NA,NA,NA,NA,NA,NA,NA,NA,NA,NA,NA,NA,2015-03-10,UCSB intake,ambient,1,4,2.0000000000000004,2
BR15-1,20150310,UCSBintake,bioreactor,flowthru,NA,3,homogenous,1,0.06666666666666667,5,55.692587719298245,0.21585364899378728,0.15263157894736776,NA,NA,NA,NA,NA,NA,NA,NA,NA,NA,NA,NA,NA,NA,NA,NA,NA,2015-03-10,UCSB intake,ambient,1,4,2.0000000000000004,2
BR15-1,20150310,UCSBintake,bioreactor,flowthru,NA,3,homogenous,1,0.06666666666666667,6,57.510131578947366,0.4540369858145148,0.32105263157894365,NA,NA,NA,NA,NA,NA,NA,NA,NA,NA,NA,NA,NA,NA,NA,NA,NA,2015-03-10,UCSB intake,ambient,1,4,2.0000000000000004,2
BR15-1,20150310,UCSBintake,bioreactor,flowthru,NA,5,mixed,1,0.06666666666666667,1,58.065678418803415,0.7365695637360005,0.5208333333333428,NA,NA,NA,NA,NA,NA,NA,NA,NA,NA,NA,NA,NA,NA,NA,NA,NA,2015-03-10,UCSB intake,ambient,1,4,2.0000000000000004,2
BR15-1,20150310,UCSBintake,bioreactor,flowthru,NA,5,mixed,1,0.06666666666666667,3,58.280956196581194,0.8495102301755028,0.6006944444444428,NA,NA,NA,NA,NA,NA,NA,NA,NA,NA,NA,NA,NA,NA,NA,NA,NA,2015-03-10,UCSB intake,ambient,1,4,2.000000000000001,2
BR15-1,20150310,UCSBintake,bioreactor,flowthru,NA,5,mixed,1,0.06666666666666667,4,59.70109508547009,0.6383602885711892,0.4513888888888892,NA,NA,NA,NA,NA,NA,NA,NA,NA,NA,NA,NA,NA,NA,NA,NA,NA,2015-03-10,UCSB intake,ambient,1,4,2.0000000000000004,2
BR15-1,20150310,UCSBintake,bioreactor,flowthru,NA,5,mixed,1,0.0666666666666667,5,56.27922008547008,0.1939633184504777,0.13715277777777857,NA,NA,NA,NA,NA,NA,NA,NA,NA,NA,NA,NA,NA,NA,NA,NA,NA,2015-03-10,UCSB intake,ambient,1,4,2.0000000000000004,2
BR15-1,20150310,UCSBintake,bioreactor,flowthru,NA,5,mixed,1,0.06666666666666667,6,58.47366452991453,0.4394865063624778,0.31076388888889284,NA,NA,NA,NA,NA,NA,NA,NA,NA,NA,NA,NA,NA,NA,NA,NA,NA,2015-03-10,UCSB intake,ambient,1,4,2.0000000000000004,2
BR15-1,20150310,UCSBintake,bioreactor,flowthru,NA,7,mixed,1,0.06666666666666667,1,60.025747863247865,0.40020279629654737,0.28298611111110716,NA,NA,NA,NA,NA,NA,NA,NA,NA,NA,NA,NA,NA,NA,NA,NA,NA,2015-03-10,UCSB intake,ambient,1,4,2.0000000000000004,2
BR15-1,20150310,UCSBintake,bioreactor,flowthru,NA,7,mixed,1,0.0666666666666667,3,57.178525641025644,0.18414239093399506,0.13020833333333212,NA,NA,NA,NA,NA,NA,NA,NA,NA,NA,NA,NA,NA,NA,NA,NA,NA,2015-03-10,UCSB intake,ambient,1,4,2.000000000000001,2
BR15-1,20150310,UCSBintake,bioreactor,flowthru,NA,7,mixed,1,0.06666666666666667,4,58.63859508547009,1.389661243581896,0.9826388888888892,NA,NA,NA,NA,NA,NA,NA,NA,NA,NA,NA,NA,NA,NA,NA,NA,NA,2015-03-10,UCSB intake,ambient,1,4,2.0000000000000004,2
BR15-1,20150310,UCSBintake,bioreactor,flowthru,NA,7,mixed,1,0.06666666666666667,5,58.06047008547009,0.22342610099991547,0.1579861111111107,NA,NA,NA,NA,NA,NA,NA,NA,NA,NA,NA,NA,NA,NA,NA,NA,NA,2015-03-10,UCSB intake,ambient,1,4,2.0000000000000004,2
BR15-1,20150310,UCSBintake,bioreactor,flowthru,NA,7,mixed,1,0.06666666666666667,6,58.421581196581194,1.9371779526256425,1.3697916666666643,NA,NA,NA,NA,NA,NA,NA,NA,NA,NA,NA,NA,NA,NA,NA,NA,NA,2015-03-10,UCSB intake,ambient,1,4,2.0000000000000004,2
BR15-1,20150311,UCSBintake,bioreactor,DiatomExudate,NA,NA,NA,0,NA,0,71.36434135166094,0.7227537506655458,0.2950629831355542,NA,NA,NA,NA,NA,NA,NA,NA,NA,NA,NA,NA,NA,NA,NA,NA,NA,2015-03-11,UCSB intake,diatom exudate,0,NA,5.999999999999999,6
BR15-1,20150311,UCSBintake,bioreactor,DiatomExudate,NA,1,homogenous,1,0.06666666666666667,1,58.598773148148155,0.3265458399229604,0.2309027777777821,NA,NA,NA,NA,NA,NA,NA,NA,NA,NA,NA,NA,NA,NA,NA,NA,NA,2015-03-11,UCSB intake,diatom exudate,1,4,2.0000000000000004,2
BR15-1,20150311,UCSBintake,bioreactor,DiatomExudate,NA,1,homogenous,1,0.06666666666666667,3,62.08314814814815,0.5548824046811147,0.39236111111111427,NA,NA,NA,NA,NA,NA,NA,NA,NA,NA,NA,NA,NA,NA,NA,NA,NA,2015-03-11,UCSB intake,diatom exudate,1,4,2.0000000000000004,2
BR15-1,20150311,UCSBintake,bioreactor,DiatomExudate,NA,1,homogenous,1,0.06666666666666667,4,62.935578703703705,0.2528888835493533,0.17881944444444284,NA,NA,NA,NA,NA,NA,NA,NA,NA,NA,NA,NA,NA,NA,NA,NA,NA,2015-03-11,UCSB intake,diatom exudate,1,4,2.0000000000000004,2
BR15-1,20150311,UCSBintake,bioreactor,DiatomExudate,NA,1,homogenous,1,0.06666666666666667,5,62.673425925925926,0.6285393610547167,0.44444444444444997,NA,NA,NA,NA,NA,NA,NA,NA,NA,NA,NA,NA,NA,NA,NA,NA,NA,2015-03-11,UCSB intake,diatom exudate,1,4,2.0000000000000004,2
BR15-1,20150311,UCSBintake,bioreactor,DiatomExudate,NA,3,homogenous,1,0.06666666666666667,1,61.8887037037037,0.8151369838678312,0.5763888888888927,NA,NA,NA,NA,NA,NA,NA,NA,NA,NA,NA,NA,NA,NA,NA,NA,NA,2015-03-11,UCSB intake,diatom exudate,1,4,2.000000000000001,2
BR15-1,20150311,UCSBintake,bioreactor,DiatomExudate,NA,3,homogenous,1,0.06666666666666667,3,60.973773148148155,0.856875925812866,0.6059027777777786,NA,NA,NA,NA,NA,NA,NA,NA,NA,NA,NA,NA,NA,NA,NA,NA,NA,2015-03-11,UCSB intake,diatom exudate,1,4,1.9999999999999996,2
BR15-1,20150311,UCSBintake,bioreactor,DiatomExudate,NA,3,homogenous,1,0.06666666666666667,4,62.33314814814816,NA,NA,NA,NA,NA,NA,NA,NA,NA,NA,NA,NA,NA,NA,NA,NA,NA,NA,NA,2015-03-11,UCSB intake,diatom exudate,1,4,NA,1
BR15-1,20150311,UCSBintake,bioreactor,DiatomExudate,NA,3,homogenous,1,0.06666666666666667,5,61.92516203703705,0.2921725936152838,0.20659722222222854,NA,NA,NA,NA,NA,NA,NA,NA,NA,NA,NA,NA,NA,NA,NA,NA,NA,2015-03-11,UCSB intake,diatom exudate,1,4,2.0000000000000004,2
BR15-1,20150311,UCSBintake,bioreactor,DiatomExudate,NA,5,mixed,1,0.06666666666666667,1,60.143264604811,1.7349630301278165,1.2268041237113394,NA,NA,NA,NA,NA,NA,NA,NA,NA,NA,NA,NA,NA,NA,NA,NA,NA,2015-03-11,UCSB intake,diatom exudate,1,4,2.0000000000000004,2
BR15-1,20150311,UCSBintake,bioreactor,DiatomExudate,NA,5,mixed,1,0.06666666666666667,3,60.34601374570447,1.234399466813615,0.8728522336769656,NA,NA,NA,NA,NA,NA,NA,NA,NA,NA,NA,NA,NA,NA,NA,NA,NA,2015-03-11,UCSB intake,diatom exudate,1,4,2.0000000000000004,2
BR15-1,20150311,UCSBintake,bioreactor,DiatomExudate,NA,5,mixed,1,0.06666666666666667,4,60.19996563573883,0.6244894940375991,0.44158075601374236,NA,NA,NA,NA,NA,NA,NA,NA,NA,NA,NA,NA,NA,NA,NA,NA,NA,2015-03-11,UCSB intake,diatom exudate,1,4,2.0000000000000004,2
BR15-1,20150311,UCSBintake,bioreactor,DiatomExudate,NA,5,mixed,1,0.06666666666666667,5,60.36147766323024,0.4398155580575979,0.3109965635738732,NA,NA,NA,NA,NA,NA,NA,NA,NA,NA,NA,NA,NA,NA,NA,NA,NA,2015-03-11,UCSB intake,diatom exudate,1,4,2.0000000000000004,2
BR15-1,20150311,UCSBintake,bioreactor,DiatomExudate,NA,5,mixed,1,0.06666666666666667,6,59.57625429553264,0.39364707406261773,0.2783505154639201,NA,NA,NA,NA,NA,NA,NA,NA,NA,NA,NA,NA,NA,NA,NA,NA,NA,2015-03-11,UCSB intake,diatom exudate,1,4,2.0000000000000004,2
BR15-1,20150311,UCSBintake,bioreactor,DiatomExudate,NA,7,mixed,1,0.06666666666666667,1,60.1260824742268,1.287857711439417,0.9106529209621996,NA,NA,NA,NA,NA,NA,NA,NA,NA,NA,NA,NA,NA,NA,NA,NA,NA,2015-03-11,UCSB intake,diatom exudate,1,4,2.0000000000000004,2
BR15-1,20150311,UCSBintake,bioreactor,DiatomExudate,NA,7,mixed,1,0.06666666666666667,3,59.15872852233676,0.5710312494118122,0.40378006872851907,NA,NA,NA,NA,NA,NA,NA,NA,NA,NA,NA,NA,NA,NA,NA,NA,NA,2015-03-11,UCSB intake,diatom exudate,1,4,2.0000000000000004,2
BR15-1,20150311,UCSBintake,bioreactor,DiatomExudate,NA,7,mixed,1,0.06666666666666667,4,59.88381443298969,0.5370123664681397,0.3797250859106569,NA,NA,NA,NA,NA,NA,NA,NA,NA,NA,NA,NA,NA,NA,NA,NA,NA,2015-03-11,UCSB intake,diatom exudate,1,4,2.0000000000000004,2
BR15-1,20150311,UCSBintake,bioreactor,DiatomExudate,NA,7,mixed,1,0.06666666666666667,5,59.560790378006864,0.3717777921702428,0.2628865979381416,NA,NA,NA,NA,NA,NA,NA,NA,NA,NA,NA,NA,NA,NA,NA,NA,NA,2015-03-11,UCSB intake,diatom exudate,1,4,2.0000000000000004,2
BR15-1,20150311,UCSBintake,bioreactor,DiatomExudate,NA,7,mixed,1,0.06666666666666667,6,60.70340206185567,0,0,NA,NA,NA,NA,NA,NA,NA,NA,NA,NA,NA,NA,NA,NA,NA,NA,NA,2015-03-11,UCSB intake,diatom exudate,1,4,NA,1
BR15-3,20150319,UCSBintake,bioreactor,flowthru,NA,NA,NA,0,NA,0,61.48623322740114,0.60274834179397,0.24607098011731646,NA,NA,NA,NA,NA,NA,NA,NA,NA,NA,NA,NA,NA,NA,NA,NA,NA,2015-03-19,UCSB intake,ambient,0,NA,5.999999999999999,6
BR15-3,20150319,UCSBintake,bioreactor,flowthru,NA,1,homogenous,1,0.06666666666666667,4,57.94291872645952,0.38084641976284656,0.21988178296998467,NA,NA,NA,NA,NA,NA,NA,NA,NA,NA,NA,NA,NA,NA,NA,NA,NA,2015-03-19,UCSB intake,ambient,1,4,2.9999999999999996,3
BR15-3,20150319,UCSBintake,bioreactor,flowthru,NA,2,homogenous,1,0.06666666666666667,4,60.167965807438804,0.8546275476386445,0.4934194446860411,NA,NA,NA,NA,NA,NA,NA,NA,NA,NA,NA,NA,NA,NA,NA,NA,NA,2015-03-19,UCSB intake,ambient,1,4,2.9999999999999996,3
BR15-4,20150406,UCSBintake,bioreactor,flowthru,NA,NA,NA,0,NA,0,59.811973299958275,0.5875905428761499,0.23988283462192142,NA,NA,NA,NA,NA,NA,NA,NA,NA,NA,NA,NA,NA,NA,NA,NA,NA,2015-04-06,UCSB intake,ambient,0,NA,5.999999999999999,6
BR15-4,20150406,UCSBintake,bioreactor,flowthru,NA,1,homogenous,1,0.333,4,59.40949103045473,0.9754061627005883,0.6897163120567349,NA,NA,NA,NA,NA,NA,NA,NA,NA,NA,NA,NA,NA,NA,NA,NA,NA,2015-04-06,UCSB intake,ambient,1,20,2.0000000000000004,2
BR15-4,20150406,UCSBintake,bioreactor,flowthru,NA,1_2,homogenous,2,0.333,4,56.92899457655402,1.143406710003778,0.8085106382978715,NA,NA,NA,NA,NA,NA,NA,NA,NA,NA,NA,NA,NA,NA,NA,NA,NA,2015-04-06,UCSB intake,ambient,2,20,2.0000000000000004,2
BR15-4,20150406,UCSBintake,bioreactor,flowthru,NA,3,homogenous,1,0.333,4,60.7889236545682,2.5500978598110584,1.8031914893617011,NA,NA,NA,NA,NA,NA,NA,NA,NA,NA,NA,NA,NA,NA,NA,NA,NA,2015-04-06,UCSB intake,ambient,1,20,2.0000000000000004,2
BR15-4,20150406,UCSBintake,bioreactor,flowthru,NA,3_4,homogenous,2,0.333,4,60.077930746766796,0.3410160363169117,0.2411347517730462,NA,NA,NA,NA,NA,NA,NA,NA,NA,NA,NA,NA,NA,NA,NA,NA,NA,2015-04-06,UCSB intake,ambient,2,20,2.0000000000000004,2
BR15-4,20150406,UCSBintake,bioreactor,flowthru,NA,5,mixed,1,0.333,4,58.75346266166041,0.8751073284897269,0.6187943262411295,NA,NA,NA,NA,NA,NA,NA,NA,NA,NA,NA,NA,NA,NA,NA,NA,NA,2015-04-06,UCSB intake,ambient,1,20,2.0000000000000004,2
BR15-4,20150406,UCSBintake,bioreactor,flowthru,NA,5_6,mixed,2,0.333,4,57.822611597830615,1.8956479665852208,1.3404255319148994,NA,NA,NA,NA,NA,NA,NA,NA,NA,NA,NA,NA,NA,NA,NA,NA,NA,2015-04-06,UCSB intake,ambient,2,20,2.0000000000000004,2
BR15-4,20150406,UCSBintake,bioreactor,flowthru,NA,7,mixed,1,0.333,4,60.11693783896538,0.7873458485552427,0.5567375886524886,NA,NA,NA,NA,NA,NA,NA,NA,NA,NA,NA,NA,NA,NA,NA,NA,NA,2015-04-06,UCSB intake,ambient,1,20,2.0000000000000004,2
BR15-4,20150406,UCSBintake,bioreactor,flowthru,NA,7_8,mixed,2,0.333,4,57.84034209428452,0.4011953368434255,0.2836879432624073,NA,NA,NA,NA,NA,NA,NA,NA,NA,NA,NA,NA,NA,NA,NA,NA,NA,2015-04-06,UCSB intake,ambient,2,20,1.9999999999999996,2
BR15-4,20150406,UCSBintake,bioreactor,flowthru,NA,1,homogenous,1,0.06666666666666667,4,53.6286398467433,0.9529686217715225,0.6738505747126418,NA,NA,NA,NA,NA,NA,NA,NA,NA,NA,NA,NA,NA,NA,NA,NA,NA,2015-04-06,UCSB intake,ambient,1,4,1.9999999999999996,2
BR15-4,20150406,UCSBintake,bioreactor,flowthru,NA,1_2,homogenous,2,0.06666666666666667,4,54.956226053639845,0.9529686217715275,0.6738505747126452,NA,NA,NA,NA,NA,NA,NA,NA,NA,NA,NA,NA,NA,NA,NA,NA,NA,2015-04-06,UCSB intake,ambient,2,4,2.0000000000000004,2
BR15-4,20150406,UCSBintake,bioreactor,flowthru,NA,3,homogenous,1,0.06666666666666667,4,55.24070881226054,0.5343939179656997,0.3778735632183938,NA,NA,NA,NA,NA,NA,NA,NA,NA,NA,NA,NA,NA,NA,NA,NA,NA,2015-04-06,UCSB intake,ambient,1,4,2.0000000000000004,2
BR15-4,20150406,UCSBintake,bioreactor,flowthru,NA,3_4,homogenous,2,0.06666666666666667,4,55.51513409961686,0.35355339059326873,0.24999999999999642,NA,NA,NA,NA,NA,NA,NA,NA,NA,NA,NA,NA,NA,NA,NA,NA,NA,2015-04-06,UCSB intake,ambient,2,4,2.0000000000000004,2
BR15-4,20150406,UCSBintake,bioreactor,flowthru,NA,5,mixed,1,0.06666666666666667,4,54.03812260536398,0.7355536057170456,0.520114942528739,NA,NA,NA,NA,NA,NA,NA,NA,NA,NA,NA,NA,NA,NA,NA,NA,NA,2015-04-06,UCSB intake,ambient,1,4,2.0000000000000004,2
BR15-4,20150406,UCSBintake,bioreactor,flowthru,NA,5_6,mixed,2,0.06666666666666667,4,54.21053639846743,0.7274259415654726,0.5143678160919549,NA,NA,NA,NA,NA,NA,NA,NA,NA,NA,NA,NA,NA,NA,NA,NA,NA,2015-04-06,UCSB intake,ambient,2,4,2.0000000000000004,2
BR15-4,20150406,UCSBintake,bioreactor,flowthru,NA,7_8,mixed,2,0.06666666666666667,4,57.49501915708812,0.7721280943991117,0.5459770114942585,NA,NA,NA,NA,NA,NA,NA,NA,NA,NA,NA,NA,NA,NA,NA,NA,NA,2015-04-06,UCSB intake,ambient,2,4,2.000000000000001,2
BR15-4,20150406,UCSBintake,bioreactor,flowthru,NA,7,mixed,1,0.06666666666666667,4,60.42605363984674,NA,NA,NA,NA,NA,NA,NA,NA,NA,NA,NA,NA,NA,NA,NA,NA,NA,NA,NA,2015-04-06,UCSB intake,ambient,1,4,NA,1
BR15-5,20150408,UCSBintake,bioreactor,flowthru,NA,NA,NA,0,NA,0,61.40707780379912,0.5950014246477099,0.34352423268856613,NA,NA,NA,NA,NA,NA,NA,NA,NA,NA,NA,NA,NA,NA,NA,NA,NA,2015-04-08,UCSB intake,ambient,0,NA,2.9999999999999996,3
BR15-5,20150408,UCSBintake,bioreactor,flowthru,NA,1,homogenous,1,0.06666666666666667,4,57.58922716627635,1.3061547733087147,0.754108809973101,NA,NA,NA,NA,NA,NA,NA,NA,NA,NA,NA,NA,NA,NA,NA,NA,NA,2015-04-08,UCSB intake,ambient,1,4,2.9999999999999996,3
BR15-5,20150408,UCSBintake,bioreactor,flowthru,NA,5,mixed,1,0.06666666666666667,4,57.717187093416605,0.7438145102645357,0.525956284153004,NA,NA,NA,NA,NA,NA,NA,NA,NA,NA,NA,NA,NA,NA,NA,NA,NA,2015-04-08,UCSB intake,ambient,1,4,2.0000000000000004,2
BR15-6,20150414,UCSBintake,bioreactor,flowthru,NA,NA,NA,0,NA,0,55.95670807453416,0.41517375899438286,0.20758687949719143,NA,NA,NA,NA,NA,NA,NA,NA,NA,NA,NA,NA,NA,NA,NA,NA,NA,2015-04-14,UCSB intake,ambient,0,NA,4,4
BR15-6,20150414,UCSBintake,bioreactor,flowthru,NA,1,homogenous,1,0.06666666666666667,4,53.8632298136646,0.12297509238026717,0.08695652173912904,NA,NA,NA,NA,NA,NA,NA,NA,NA,NA,NA,NA,NA,NA,NA,NA,NA,2015-04-14,UCSB intake,ambient,1,4,2.0000000000000004,2
BR15-6,20150414,UCSBintake,bioreactor,flowthru,NA,3,homogenous,1,0.06666666666666667,4,53.21250517598344,0.5636358400762266,0.3985507246376762,NA,NA,NA,NA,NA,NA,NA,NA,NA,NA,NA,NA,NA,NA,NA,NA,NA,2015-04-14,UCSB intake,ambient,1,4,2.0000000000000004,2
BR15-6,20150414,UCSBintake,bioreactor,flowthru,NA,5,mixed,1,0.06666666666666667,4,54.64438923395445,0.4365615779499507,0.3086956521739097,NA,NA,NA,NA,NA,NA,NA,NA,NA,NA,NA,NA,NA,NA,NA,NA,NA,2015-04-14,UCSB intake,ambient,1,4,2.0000000000000004,2
BR15-6,20150414,sbc,bioreactor,0m,NA,NA,NA,0,NA,0,63.74946169772256,0.5130209607766298,0.2565104803883149,NA,NA,NA,NA,NA,NA,NA,NA,NA,NA,NA,NA,NA,NA,NA,NA,NA,2015-04-14,Santa Barbara Channel,surface,0,NA,4,4
BR15-6,20150414,sbc,bioreactor,0m,NA,1,homogenous,1,0.067,4,54.263229813664594,0.20085931755443823,0.1420289855072454,NA,NA,NA,NA,NA,NA,NA,NA,NA,NA,NA,NA,NA,NA,NA,NA,NA,2015-04-14,Santa Barbara Channel,surface,1,4,2.0000000000000004,2
BR15-6,20150414,sbc,bioreactor,0m,NA,3,homogenous,1,0.067,4,54.32989648033126,0.6845613475835045,0.4840579710144972,NA,NA,NA,NA,NA,NA,NA,NA,NA,NA,NA,NA,NA,NA,NA,NA,NA,2015-04-14,Santa Barbara Channel,surface,1,4,2.0000000000000004,2
BR15-6,20150414,sbc,bioreactor,0m,NA,5,mixed,1,0.067,4,53.155983436853,0.8813214953919289,0.6231884057971016,NA,NA,NA,NA,NA,NA,NA,NA,NA,NA,NA,NA,NA,NA,NA,NA,NA,2015-04-14,Santa Barbara Channel,surface,1,4,2.0000000000000004,2
BR15-6,20150414,sbc,bioreactor,0m,NA,7,mixed,1,0.067,4,60.37627329192547,0.7911397609797367,0.5594202898550762,NA,NA,NA,NA,NA,NA,NA,NA,NA,NA,NA,NA,NA,NA,NA,NA,NA,2015-04-14,Santa Barbara Channel,surface,1,4,2.0000000000000004,2
BR15-6,20150414,sbc,bioreactor,75m,NA,NA,NA,0,NA,0,51.48832467459918,0.8234669701556717,0.41173348507783586,NA,NA,NA,NA,NA,NA,NA,NA,NA,NA,NA,NA,NA,NA,NA,NA,NA,2015-04-14,Santa Barbara Channel,75 m,0,NA,4,4
BR15-6,20150414,sbc,bioreactor,75m,NA,1,homogenous,1,0.067,4,48.35394670688788,0.8239506367672285,0.582621082621081,NA,NA,NA,NA,NA,NA,NA,NA,NA,NA,NA,NA,NA,NA,NA,NA,NA,2015-04-14,Santa Barbara Channel,75 m,1,4,2.0000000000000004,2
BR15-6,20150414,sbc,bioreactor,75m,NA,3,homogenous,1,0.067,4,49.45793531087649,0.21354221881987165,0.15099715099715283,NA,NA,NA,NA,NA,NA,NA,NA,NA,NA,NA,NA,NA,NA,NA,NA,NA,2015-04-14,Santa Barbara Channel,75 m,1,4,2.0000000000000004,2
BR15-6,20150414,sbc,bioreactor,75m,NA,5,mixed,1,0.067,4,48.52203787497904,0.67890309190845,0.4800569800569789,NA,NA,NA,NA,NA,NA,NA,NA,NA,NA,NA,NA,NA,NA,NA,NA,NA,2015-04-14,Santa Barbara Channel,75 m,1,4,2.0000000000000004,2
BR15-6,20150414,sbc,bioreactor,75m,NA,7,mixed,1,0.067,4,50.63884699178816,0.8078342428940393,0.5712250712250757,NA,NA,NA,NA,NA,NA,NA,NA,NA,NA,NA,NA,NA,NA,NA,NA,NA,2015-04-14,Santa Barbara Channel,75 m,1,4,2.0000000000000004,2
BR15-6,20150414,sbc,bioreactor,200m,NA,NA,NA,0,NA,0,48.35608345902463,0.8544994222908384,0.4272497111454192,NA,NA,NA,NA,NA,NA,NA,NA,NA,NA,NA,NA,NA,NA,NA,NA,NA,2015-04-14,Santa Barbara Channel,200 m,0,NA,4,4
BR15-6,20150414,sbc,bioreactor,200m,NA,1,homogenous,1,0.067,4,46.62887548181665,0.294124188185853,0.20797720797720487,NA,NA,NA,NA,NA,NA,NA,NA,NA,NA,NA,NA,NA,NA,NA,NA,NA,2015-04-14,Santa Barbara Channel,200 m,1,4,2.0000000000000004,2
BR15-6,20150414,sbc,bioreactor,200m,NA,3,homogenous,1,0.067,4,44.20152505446623,0.9710127308601625,0.6866096866096888,NA,NA,NA,NA,NA,NA,NA,NA,NA,NA,NA,NA,NA,NA,NA,NA,NA,2015-04-14,Santa Barbara Channel,200 m,1,4,2.0000000000000004,2
BR15-6,20150414,sbc,bioreactor,200m,NA,5,mixed,1,0.067,4,46.08471593765711,2.171684074413386,1.535612535612536,NA,NA,NA,NA,NA,NA,NA,NA,NA,NA,NA,NA,NA,NA,NA,NA,NA,2015-04-14,Santa Barbara Channel,200 m,1,4,2.0000000000000004,2
BR15-6,20150414,sbc,bioreactor,200m,NA,7,mixed,1,0.067,4,45.3753142282554,0.9146053523039626,0.6467236467236432,NA,NA,NA,NA,NA,NA,NA,NA,NA,NA,NA,NA,NA,NA,NA,NA,NA,2015-04-14,Santa Barbara Channel,200 m,1,4,2.0000000000000004,2
BR15-7,20150717,UCSBintake,bioreactor,flowthru,NA,NA,NA,0,NA,0,61.36835511982571,0.7905846650766272,0,NA,NA,NA,NA,NA,NA,NA,NA,NA,NA,NA,NA,NA,NA,NA,NA,NA,2015-07-17,UCSB intake,ambient,0,NA,NA,1
BR15-7,20150717,UCSBintake,bioreactor,flowthru,NA,1,homogenous,1,0.067,4,56.73004493464052,0.8544206939337466,0,NA,NA,NA,NA,NA,NA,NA,NA,NA,NA,NA,NA,NA,NA,NA,NA,NA,2015-07-17,UCSB intake,ambient,1,4,NA,1
BR15-7,20150717,UCSBintake,bioreactor,flowthru,NA,2,homogenous,1,0.067,4,58.69185049019608,3.235995616680111,0,NA,NA,NA,NA,NA,NA,NA,NA,NA,NA,NA,NA,NA,NA,NA,NA,NA,2015-07-17,UCSB intake,ambient,1,4,NA,1
BR15-7,20150717,UCSBintake,bioreactor,flowthru,NA,3,homogenous,1,0.067,4,59.157128267973846,0.7905846650766222,0,NA,NA,NA,NA,NA,NA,NA,NA,NA,NA,NA,NA,NA,NA,NA,NA,NA,2015-07-17,UCSB intake,ambient,1,4,NA,1
BR15-7,20150717,UCSBintake,bioreactor,flowthru,NA,4,homogenous,1,0.067,4,57.61025326797386,0.08102265201096025,0,NA,NA,NA,NA,NA,NA,NA,NA,NA,NA,NA,NA,NA,NA,NA,NA,NA,2015-07-17,UCSB intake,ambient,1,4,NA,1
BR15-7,20150717,UCSBintake,bioreactor,flowthru,NA,5,mixed,1,0.067,4,57.235253267973846,0.5033225352195922,0,NA,NA,NA,NA,NA,NA,NA,NA,NA,NA,NA,NA,NA,NA,NA,NA,NA,2015-07-17,UCSB intake,ambient,1,4,NA,1
BR15-7,20150717,UCSBintake,bioreactor,flowthru,NA,6,mixed,1,0.067,4,55.82032271241829,0.7169277087030301,0,NA,NA,NA,NA,NA,NA,NA,NA,NA,NA,NA,NA,NA,NA,NA,NA,NA,2015-07-17,UCSB intake,ambient,1,4,NA,1
BR15-7,20150717,UCSBintake,bioreactor,flowthru,NA,7,mixed,1,0.067,4,56.707475490196074,0.3019935211317463,0,NA,NA,NA,NA,NA,NA,NA,NA,NA,NA,NA,NA,NA,NA,NA,NA,NA,2015-07-17,UCSB intake,ambient,1,4,NA,1
BR15-7,20150717,UCSBintake,bioreactor,flowthru,NA,8,mixed,1,0.067,4,58.66233660130719,2.094312792889319,0,NA,NA,NA,NA,NA,NA,NA,NA,NA,NA,NA,NA,NA,NA,NA,NA,NA,2015-07-17,UCSB intake,ambient,1,4,NA,1
BR15-7,20150717,goletapier,bioreactor,0m,NA,NA,NA,0,NA,0,81.7742474916388,0.6159471440537829,0.30797357202689146,NA,NA,NA,NA,NA,NA,NA,NA,NA,NA,NA,NA,NA,NA,NA,NA,NA,2015-07-17,Goleta Pier,surface,0,NA,4,4
BR15-7,20150717,goletapier,bioreactor,0m,NA,1,homogenous,1,0.067,4,72.80758082497212,0.6948092719485314,0.49130434782609456,NA,NA,NA,NA,NA,NA,NA,NA,NA,NA,NA,NA,NA,NA,NA,NA,NA,2015-07-17,Goleta Pier,surface,1,4,2.0000000000000004,2
BR15-7,20150717,goletapier,bioreactor,0m,NA,2,homogenous,1,0.067,4,75.61482720178373,0.09428090415820098,0.06666666666666288,NA,NA,NA,NA,NA,NA,NA,NA,NA,NA,NA,NA,NA,NA,NA,NA,NA,2015-07-17,Goleta Pier,surface,1,4,2.0000000000000004,2
BR15-7,20150717,goletapier,bioreactor,0m,NA,3,homogenous,1,0.067,4,70.38149386845039,1.2645938666437762,0.8942028985507307,NA,NA,NA,NA,NA,NA,NA,NA,NA,NA,NA,NA,NA,NA,NA,NA,NA,2015-07-17,Goleta Pier,surface,1,4,2.0000000000000004,2
BR15-7,20150717,goletapier,bioreactor,0m,NA,4,homogenous,1,0.067,4,79.08439241917503,0.9551065508200862,0.6753623188405768,NA,NA,NA,NA,NA,NA,NA,NA,NA,NA,NA,NA,NA,NA,NA,NA,NA,2015-07-17,Goleta Pier,surface,1,4,1.9999999999999996,2
BR15-7,20150717,goletapier,bioreactor,0m,NA,5,mixed,1,0.067,4,66.82352285395766,2.2381466813209014,1.582608695652176,NA,NA,NA,NA,NA,NA,NA,NA,NA,NA,NA,NA,NA,NA,NA,NA,NA,2015-07-17,Goleta Pier,surface,1,4,2.0000000000000004,2
BR15-7,20150717,goletapier,bioreactor,0m,NA,6,mixed,1,0.067,4,74.62207357859532,2.158212871273731,1.5260869565217445,NA,NA,NA,NA,NA,NA,NA,NA,NA,NA,NA,NA,NA,NA,NA,NA,NA,2015-07-17,Goleta Pier,surface,1,4,2.0000000000000004,2
BR15-7,20150717,goletapier,bioreactor,0m,NA,7,mixed,1,0.067,4,71.40468227424749,0.29309063683964487,0.2072463768115966,NA,NA,NA,NA,NA,NA,NA,NA,NA,NA,NA,NA,NA,NA,NA,NA,NA,2015-07-17,Goleta Pier,surface,1,4,2.0000000000000004,2
BR15-7,20150717,goletapier,bioreactor,0m,NA,8,mixed,1,0.067,4,73.7133779264214,2.4799976963354373,1.7536231884058038,NA,NA,NA,NA,NA,NA,NA,NA,NA,NA,NA,NA,NA,NA,NA,NA,NA,2015-07-17,Goleta Pier,surface,1,4,2.0000000000000004,2
BR15-10,20150910,goletapier,bioreactor,0m,NA,NA,NA,0,NA,0,86.29657738095239,1.0004737752401744,0.5002368876200872,NA,NA,NA,NA,NA,NA,NA,NA,NA,NA,NA,NA,NA,NA,NA,NA,NA,2015-09-10,Goleta Pier,surface,0,NA,4,4
BR15-10,20150910,goletapier,bioreactor,0m,NA,1,homogenous,1,0.067,4,70.84270833333333,0.8123310045773989,0.5744047619047591,NA,NA,NA,NA,NA,NA,NA,NA,NA,NA,NA,NA,NA,NA,NA,NA,NA,2015-09-10,Goleta Pier,surface,1,4,2.0000000000000004,2
BR15-10,20150910,goletapier,bioreactor,0m,NA,1_3,homogenous,2,0.067,4,63.748958333333334,0.511389725679556,0.36160714285714235,NA,NA,NA,NA,NA,NA,NA,NA,NA,NA,NA,NA,NA,NA,NA,NA,NA,2015-09-10,Goleta Pier,surface,2,4,2.0000000000000004,2
BR15-10,20150910,goletapier,bioreactor,0m,NA,5,mixed,1,0.067,4,71.25044642857142,3.1272639191762117,2.2113095238095184,NA,NA,NA,NA,NA,NA,NA,NA,NA,NA,NA,NA,NA,NA,NA,NA,NA,2015-09-10,Goleta Pier,surface,1,4,2.0000000000000004,2
BR15-10,20150910,goletapier,bioreactor,0m,NA,5_7,mixed,2,0.067,4,64.86056547619049,0.7534054394785233,0.5327380952380948,NA,NA,NA,NA,NA,NA,NA,NA,NA,NA,NA,NA,NA,NA,NA,NA,NA,2015-09-10,Goleta Pier,surface,2,4,2.000000000000001,2
BR15-11,20150923,goletapier,bioreactor,0m,NA,NA,NA,0,NA,0,85.01207939508504,1.2019293575307577,0.8498923992171891,NA,NA,NA,NA,NA,NA,NA,NA,NA,NA,NA,NA,NA,NA,NA,NA,NA,2015-09-23,Goleta Pier,surface,0,NA,2.0000000000000004,2
BR15-11,20150923,goletapier,bioreactor,0m,NA,1,homogenous,1,0.067,4,79.98816635160681,0,0,NA,NA,NA,NA,NA,NA,NA,NA,NA,NA,NA,NA,NA,NA,NA,NA,NA,2015-09-23,Goleta Pier,surface,1,4,NA,1
BR15-11,20150923,goletapier,bioreactor,0m,NA,1_2,homogenous,2,0.067,4,69.25048519218652,0.637420895504389,0.4507246376811551,NA,NA,NA,NA,NA,NA,NA,NA,NA,NA,NA,NA,NA,NA,NA,NA,NA,2015-09-23,Goleta Pier,surface,2,4,2.0000000000000004,2
BR15-11,20150923,goletapier,bioreactor,0m,NA,1_2_3,homogenous,3,0.067,4,65.77947069943289,1.0288916062482536,0.7275362318840592,NA,NA,NA,NA,NA,NA,NA,NA,NA,NA,NA,NA,NA,NA,NA,NA,NA,2015-09-23,Goleta Pier,surface,3,4,2.0000000000000004,2
BR15-11,20150923,goletapier,bottle,0m,A,NA,NA,NA,NA,0,83.11361737677525,0.7980795834444685,0.5643274853801188,NA,NA,NA,NA,NA,NA,NA,NA,NA,NA,NA,NA,274305.92742382275,29632.60036080993,NA,NA,NA,2015-09-23,Goleta Pier,surface,NA,NA,2.0000000000000004,2
BR15-11,20150923,goletapier,bottle,0m,A,NA,NA,NA,NA,12,84.13554720133666,0.3328777537164836,0.23538011695907102,NA,NA,NA,NA,NA,NA,NA,NA,NA,NA,NA,NA,327584.5787119114,40667.44545859716,NA,NA,NA,2015-09-23,Goleta Pier,surface,NA,NA,2.0000000000000004,2
BR15-11,20150923,goletapier,bottle,0m,A,NA,NA,NA,NA,24,82.19695071010861,0.2046888050803222,0.14473684210526724,NA,NA,NA,NA,NA,NA,NA,NA,NA,NA,NA,NA,642508.8838504156,55815.4812114846,NA,NA,NA,2015-09-23,Goleta Pier,surface,NA,NA,2.0000000000000004,2
BR15-11,20150923,goletapier,bottle,0m,A,NA,NA,NA,NA,36,82.29636591478696,0.845633548261099,0.5979532163742647,NA,NA,NA,NA,NA,NA,NA,NA,NA,NA,NA,NA,990138.8957202215,59476.11420907032,NA,NA,NA,2015-09-23,Goleta Pier,surface,NA,NA,2.0000000000000004,2
BR15-11,20150923,goletapier,bottle,0m,A,NA,NA,NA,NA,48,83.0595238095238,0.5933907783641463,0.4195906432748515,NA,NA,NA,NA,NA,NA,NA,NA,NA,NA,NA,NA,1191648.250096953,126808.93223206855,NA,NA,NA,2015-09-23,Goleta Pier,surface,NA,NA,2.0000000000000004,2
BR15-11,20150923,goletapier,bottle,0m,A,NA,NA,NA,NA,60,83.24812030075186,0.09510792963326092,0.06725146198829178,NA,NA,NA,NA,NA,NA,NA,NA,NA,NA,NA,NA,1493384.770263158,64771.58358857226,NA,NA,NA,2015-09-23,Goleta Pier,surface,NA,NA,2.000000000000001,2
BR15-11,20150923,goletapier,bottle,0m,A,NA,NA,NA,NA,72,83.04344193817877,0.43005324703743464,0.3040935672514635,NA,NA,NA,NA,NA,NA,NA,NA,NA,NA,NA,NA,1340406.4645844877,144795.2329043282,NA,NA,NA,2015-09-23,Goleta Pier,surface,NA,NA,2.0000000000000004,2
BR15-11,20150923,goletapier,bottle,0m,A,NA,NA,NA,NA,84,84.03028404344192,0.055824219567360604,0.03947368421052744,NA,NA,NA,NA,NA,NA,NA,NA,NA,NA,NA,NA,1241234.321592798,134145.41003123665,NA,NA,NA,2015-09-23,Goleta Pier,surface,NA,NA,2.0000000000000004,2
BR15-11,20150923,goletapier,bottle,0m,A,NA,NA,NA,NA,96,83.97472848788638,0.20055367770496216,0.14181286549708005,NA,NA,NA,NA,NA,NA,NA,NA,NA,NA,NA,NA,1200088.4324792246,78921.29989379387,NA,NA,NA,2015-09-23,Goleta Pier,surface,NA,NA,1.9999999999999996,2
BR15-11,20150923,goletapier,bottle,0m,A,NA,NA,NA,NA,120,82.59022556390977,1.1867815567282927,0.839181286549703,NA,NA,NA,NA,NA,NA,NA,NA,NA,NA,NA,NA,856678.511800554,58169.94271688146,NA,NA,NA,2015-09-23,Goleta Pier,surface,NA,NA,2.0000000000000004,2
BR15-11,20150923,goletapier,bottle,0m,A,NA,NA,NA,NA,144,84.12092731829573,0.7215797270002976,0.510233918128648,NA,NA,NA,NA,NA,NA,NA,NA,NA,NA,NA,NA,768584.1081855956,57034.69247733014,NA,NA,NA,2015-09-23,Goleta Pier,surface,NA,NA,2.000000000000001,2
BR15-11,20150923,goletapier,bottle,0m,A,NA,NA,NA,NA,168,84.0858395989975,0.4941477213555052,0.34941520467835824,NA,NA,NA,NA,NA,NA,NA,NA,NA,NA,NA,NA,605583.0859279779,49096.04509294502,NA,NA,NA,2015-09-23,Goleta Pier,surface,NA,NA,2.0000000000000004,2
BR15-11,20150923,goletapier,bottle,0m,A,NA,NA,NA,NA,360,84.27736006683375,0.3887019732838241,0.27485380116958424,NA,NA,NA,NA,NA,NA,NA,NA,NA,NA,NA,NA,NA,NA,NA,NA,NA,2015-09-23,Goleta Pier,surface,NA,NA,2.0000000000000004,2
BR15-11,20150923,goletapier,bottle,0m,A,NA,NA,NA,NA,396,83.39431913116121,0.14472945813759153,0.10233918128654551,NA,NA,NA,NA,NA,NA,NA,NA,NA,NA,NA,NA,NA,NA,NA,NA,NA,2015-09-23,Goleta Pier,surface,NA,NA,2.0000000000000004,2
BR15-11,20150923,goletapier,bottle,0m,B,NA,NA,NA,NA,0,82.53817028985506,0.10657841339623723,0.07536231884058252,NA,NA,NA,NA,NA,NA,NA,NA,NA,NA,NA,NA,301209.0087673131,39744.63795958376,NA,NA,NA,2015-09-23,Goleta Pier,surface,NA,NA,2.0000000000000004,2
BR15-11,20150923,goletapier,bottle,0m,B,NA,NA,NA,NA,12,83.93527173913043,0.11477675288825472,0.08115942028985756,NA,NA,NA,NA,NA,NA,NA,NA,NA,NA,NA,NA,384028.29839335184,56966.88925728142,NA,NA,NA,2015-09-23,Goleta Pier,surface,NA,NA,2.0000000000000004,2
BR15-11,20150923,goletapier,bottle,0m,B,NA,NA,NA,NA,24,82.7164311594203,0.8341810433128184,0.589855072463763,NA,NA,NA,NA,NA,NA,NA,NA,NA,NA,NA,NA,726910.7076731303,77758.98951027067,NA,NA,NA,2015-09-23,Goleta Pier,surface,NA,NA,1.9999999999999996,2
BR15-11,20150923,goletapier,bottle,0m,B,NA,NA,NA,NA,36,81.92367753623188,0.31973524018869165,0.22608695652173338,NA,NA,NA,NA,NA,NA,NA,NA,NA,NA,NA,NA,949520.5180055402,48665.92458179601,NA,NA,NA,2015-09-23,Goleta Pier,surface,NA,NA,2.0000000000000004,2
BR15-11,20150923,goletapier,bottle,0m,B,NA,NA,NA,NA,48,81.82657608695652,0.014347094111020534,0.0101449275362242,NA,NA,NA,NA,NA,NA,NA,NA,NA,NA,NA,NA,1461206.574930748,97458.83140827938,NA,NA,NA,2015-09-23,Goleta Pier,surface,NA,NA,2.0000000000000004,2
BR15-11,20150923,goletapier,bottle,0m,B,NA,NA,NA,NA,60,81.95556159420289,0.204958487300457,0.14492753623189,NA,NA,NA,NA,NA,NA,NA,NA,NA,NA,NA,NA,1485999.6106786705,106059.09331717796,NA,NA,NA,2015-09-23,Goleta Pier,surface,NA,NA,2.0000000000000004,2
BR15-11,20150923,goletapier,bottle,0m,B,NA,NA,NA,NA,72,82.88889492753623,0.49190036952107874,0.3478260869565233,NA,NA,NA,NA,NA,NA,NA,NA,NA,NA,NA,NA,1221188.8884349032,115310.82250307004,NA,NA,NA,2015-09-23,Goleta Pier,surface,NA,NA,2.0000000000000004,2
BR15-11,20150923,goletapier,bottle,0m,B,NA,NA,NA,NA,84,83.83961956521739,0.7583464030116668,0.5362318840579761,NA,NA,NA,NA,NA,NA,NA,NA,NA,NA,NA,NA,1161580.1003601109,118290.17568340243,NA,NA,NA,2015-09-23,Goleta Pier,surface,NA,NA,1.9999999999999996,2
BR15-11,20150923,goletapier,bottle,0m,B,NA,NA,NA,NA,96,82.7396195652174,0.46935493591802063,0.33188405797100984,NA,NA,NA,NA,NA,NA,NA,NA,NA,NA,NA,NA,1260224.731952909,75485.14245042256,NA,NA,NA,2015-09-23,Goleta Pier,surface,NA,NA,2.0000000000000004,2
BR15-11,20150923,goletapier,bottle,0m,B,NA,NA,NA,NA,120,82.65990942028984,0.7583464030116668,0.5362318840579761,NA,NA,NA,NA,NA,NA,NA,NA,NA,NA,NA,NA,1011766.8630747923,77240.35109062475,NA,NA,NA,2015-09-23,Goleta Pier,surface,NA,NA,1.9999999999999996,2
BR15-11,20150923,goletapier,bottle,0m,B,NA,NA,NA,NA,144,82.29179347826087,0.3525285981567615,0.2492753623188335,NA,NA,NA,NA,NA,NA,NA,NA,NA,NA,NA,NA,717415.5024930749,70729.38023078865,NA,NA,NA,2015-09-23,Goleta Pier,surface,NA,NA,2.0000000000000004,2
BR15-11,20150923,goletapier,bottle,0m,B,NA,NA,NA,NA,168,83.63382246376813,0.7706439122496729,0.5449275362318743,NA,NA,NA,NA,NA,NA,NA,NA,NA,NA,NA,NA,543864.2522576178,54449.92090790749,NA,NA,NA,2015-09-23,Goleta Pier,surface,NA,NA,2.000000000000001,2
BR15-11,20150923,goletapier,bottle,0m,B,NA,NA,NA,NA,360,83.55846014492754,0.061487546190131075,0.043478260869562746,NA,NA,NA,NA,NA,NA,NA,NA,NA,NA,NA,NA,NA,NA,NA,NA,NA,2015-09-23,Goleta Pier,surface,NA,NA,2.0000000000000004,2
BR15-11,20150923,goletapier,bottle,0m,B,NA,NA,NA,NA,396,84.63382246376813,1.4347094111031287,1.0144927536231805,NA,NA,NA,NA,NA,NA,NA,NA,NA,NA,NA,NA,NA,NA,NA,NA,NA,2015-09-23,Goleta Pier,surface,NA,NA,1.9999999999999996,2
BR16-1,20160121,goletapier,bioreactor,0m,NA,NA,NA,0,NA,0,72.08661034306196,0.17482076556640586,0.10093281605970089,NA,NA,NA,NA,NA,NA,NA,NA,NA,NA,NA,NA,NA,NA,NA,NA,NA,2016-01-21,Goleta Pier,surface,0,NA,2.9999999999999996,3
BR16-1,20160121,goletapier,bioreactor,0m,NA,1,homogenous,1,0.067,7,66.7568612391193,1.0593929553260866,0.7491039426523329,NA,NA,NA,NA,NA,NA,NA,NA,NA,NA,NA,NA,NA,NA,NA,NA,NA,2016-01-21,Goleta Pier,surface,1,4,2.0000000000000004,2
BR16-1,20160122,goletapier,bioreactor,0m,NA,NA,NA,0,NA,0,84.82137736815156,0.5271620447555585,0.3727598566308217,NA,NA,NA,NA,NA,NA,NA,NA,NA,NA,NA,NA,NA,NA,NA,NA,NA,2016-01-22,Goleta Pier,surface,0,NA,2.0000000000000004,2
BR16-1,20160122,goletapier,bioreactor,0m,NA,1,homogenous,1,0.067,7,78.9993940945554,0.7741797202181047,0.4469728698690719,NA,NA,NA,NA,NA,NA,NA,NA,NA,NA,NA,NA,NA,NA,NA,NA,NA,2016-01-22,Goleta Pier,surface,1,4,2.9999999999999996,3
BR16-1,20160123,goletapier,bioreactor,0m,NA,NA,NA,0,NA,0,78.88230926779315,0.3092008147123939,0.21863799283153892,NA,NA,NA,NA,NA,NA,NA,NA,NA,NA,NA,NA,NA,NA,NA,NA,NA,2016-01-23,Goleta Pier,surface,0,NA,2.0000000000000004,2
BR16-1,20160123,goletapier,bioreactor,0m,NA,1,homogenous,1,0.067,7,72.96713603003926,0.4741805893559593,0.2737682909091585,NA,NA,NA,NA,NA,NA,NA,NA,NA,NA,NA,NA,NA,NA,NA,NA,NA,2016-01-23,Goleta Pier,surface,1,4,2.9999999999999996,3
BR16-1,20160124,goletapier,bioreactor,0m,NA,NA,NA,0,NA,0,78.04718381976447,0.7755364696884696,0.44775618954101,NA,NA,NA,NA,NA,NA,NA,NA,NA,NA,NA,NA,NA,NA,NA,NA,NA,2016-01-24,Goleta Pier,surface,0,NA,2.9999999999999996,3
BR16-1,20160124,goletapier,bioreactor,0m,NA,1,homogenous,1,0.067,7,74.64455538487796,0.7499723433991017,0.43299673434624586,NA,NA,NA,NA,NA,NA,NA,NA,NA,NA,NA,NA,NA,NA,NA,NA,NA,2016-01-24,Goleta Pier,surface,1,4,2.9999999999999996,3
BR16-1,20160121,goletapier,bottle,0m,A,NA,NA,NA,NA,0,70.15862068965517,0.008127664151578059,0.005747126436787653,NA,NA,NA,NA,NA,NA,NA,NA,NA,NA,NA,NA,466045.1036053291,46849.095364949935,NA,NA,NA,2016-01-21,Goleta Pier,surface,NA,NA,2.0000000000000004,2
BR16-1,20160121,goletapier,bottle,0m,A,NA,NA,NA,NA,12,71.26590038314177,0.3332342302143487,0.23563218390804508,NA,NA,NA,NA,NA,NA,NA,NA,NA,NA,NA,NA,566550.0380889064,51989.44149896144,NA,NA,NA,2016-01-21,Goleta Pier,surface,NA,NA,2.0000000000000004,2
BR16-1,20160122,goletapier,bottle,0m,A,NA,NA,NA,NA,36,68.32337164750959,0.3061420163757753,0.21647509578543378,NA,NA,NA,NA,NA,NA,NA,NA,NA,NA,NA,NA,914073.7671032319,56460.48414475748,NA,NA,NA,2016-01-22,Goleta Pier,surface,NA,NA,2.0000000000000004,2
BR16-1,20160123,goletapier,bottle,0m,A,NA,NA,NA,NA,48,68.45363984674329,0.479532184942603,0.3390804597701162,NA,NA,NA,NA,NA,NA,NA,NA,NA,NA,NA,NA,1259066.2607305632,90570.56612346826,NA,NA,NA,2016-01-23,Goleta Pier,surface,NA,NA,2.0000000000000004,2
BR16-1,20160124,goletapier,bottle,0m,A,NA,NA,NA,NA,72,68.44214559386972,0.18151783271839578,0.12835249042146302,NA,NA,NA,NA,NA,NA,NA,NA,NA,NA,NA,NA,1196529.857051893,106041.3229342228,NA,NA,NA,2016-01-24,Goleta Pier,surface,NA,NA,2.0000000000000004,2
BR16-1,20160125,goletapier,bottle,0m,A,NA,NA,NA,NA,96,68.94214559386972,1.0078303547946241,0.7126436781609228,NA,NA,NA,NA,NA,NA,NA,NA,NA,NA,NA,NA,NA,NA,NA,NA,NA,2016-01-25,Goleta Pier,surface,NA,NA,2.0000000000000004,2
BR16-1,20160126,goletapier,bottle,0m,A,NA,NA,NA,NA,120,68.28314176245212,0.05960287044483543,0.04214559386972638,NA,NA,NA,NA,NA,NA,NA,NA,NA,NA,NA,NA,NA,NA,NA,NA,NA,2016-01-26,Goleta Pier,surface,NA,NA,2.0000000000000004,2
BR16-1,20160128,goletapier,bottle,0m,A,NA,NA,NA,NA,168,70.60306513409961,0.5608088264582932,0.39655172413792883,NA,NA,NA,NA,NA,NA,NA,NA,NA,NA,NA,NA,NA,NA,NA,NA,NA,2016-01-28,Goleta Pier,surface,NA,NA,2.0000000000000004,2
BR16-1,20160131,goletapier,bottle,0m,A,NA,NA,NA,NA,240,69.51494252873563,0.1381702905766863,0.09770114942529061,NA,NA,NA,NA,NA,NA,NA,NA,NA,NA,NA,NA,NA,NA,NA,NA,NA,2016-01-31,Goleta Pier,surface,NA,NA,2.0000000000000004,2
BR16-1,20160202,goletapier,bottle,0m,A,NA,NA,NA,NA,288,68.35402298850576,0.06773053459641348,0.04789272030651403,NA,NA,NA,NA,NA,NA,NA,NA,NA,NA,NA,NA,NA,NA,NA,NA,NA,2016-02-02,Goleta Pier,surface,NA,NA,2.0000000000000004,2
BR16-1,20160121,goletapier,bottle,0m,B,NA,NA,NA,NA,0,70.02068965517242,0.5716457119937206,0.40421455938697193,NA,NA,NA,NA,NA,NA,NA,NA,NA,NA,NA,NA,472443.94212584087,53210.39171604413,NA,NA,NA,2016-01-21,Goleta Pier,surface,NA,NA,2.0000000000000004,2
BR16-1,20160121,goletapier,bottle,0m,B,NA,NA,NA,NA,12,71.0896551724138,0.5933194830645753,0.41954022988505807,NA,NA,NA,NA,NA,NA,NA,NA,NA,NA,NA,NA,732751.2906304707,39725.77979629279,NA,NA,NA,2016-01-21,Goleta Pier,surface,NA,NA,2.0000000000000004,2
BR16-1,20160122,goletapier,bottle,0m,B,NA,NA,NA,NA,36,69.43639846743295,0.28717746668878996,0.20306513409961724,NA,NA,NA,NA,NA,NA,NA,NA,NA,NA,NA,NA,1039685.4595671281,131163.16603159995,NA,NA,NA,2016-01-22,Goleta Pier,surface,NA,NA,2.0000000000000004,2
BR16-1,20160123,goletapier,bottle,0m,B,NA,NA,NA,NA,48,67.67011494252874,0.5201705057004531,0.36781609195402604,NA,NA,NA,NA,NA,NA,NA,NA,NA,NA,NA,NA,1199637.068731302,100998.96341202468,NA,NA,NA,2016-01-23,Goleta Pier,surface,NA,NA,2.0000000000000004,2
BR16-1,20160124,goletapier,bottle,0m,B,NA,NA,NA,NA,72,67.51494252873565,0.06231209182869478,0.044061302681988934,NA,NA,NA,NA,NA,NA,NA,NA,NA,NA,NA,NA,1198556.3146153276,58633.60846446445,NA,NA,NA,2016-01-24,Goleta Pier,surface,NA,NA,2.0000000000000004,2
BR16-1,20160125,goletapier,bottle,0m,B,NA,NA,NA,NA,96,67.33486590038314,0.34407111574977606,0.24329501915708815,NA,NA,NA,NA,NA,NA,NA,NA,NA,NA,NA,NA,NA,NA,NA,NA,NA,2016-01-25,Goleta Pier,surface,NA,NA,2.0000000000000004,2
BR16-1,20160126,goletapier,bottle,0m,B,NA,NA,NA,NA,120,68.15862068965518,0.46327685663945695,0.327586206896548,NA,NA,NA,NA,NA,NA,NA,NA,NA,NA,NA,NA,NA,NA,NA,NA,NA,2016-01-26,Goleta Pier,surface,NA,NA,2.0000000000000004,2
BR16-1,20160128,goletapier,bottle,0m,B,NA,NA,NA,NA,168,68.70459770114942,1.1595467522905771,0.8199233716475048,NA,NA,NA,NA,NA,NA,NA,NA,NA,NA,NA,NA,NA,NA,NA,NA,NA,2016-01-28,Goleta Pier,surface,NA,NA,2.0000000000000004,2
BR16-1,20160131,goletapier,bottle,0m,B,NA,NA,NA,NA,240,67.88275862068966,0.20861004655694912,0.1475095785440601,NA,NA,NA,NA,NA,NA,NA,NA,NA,NA,NA,NA,NA,NA,NA,NA,NA,2016-01-31,Goleta Pier,surface,NA,NA,2.0000000000000004,2
BR16-1,20160202,goletapier,bottle,0m,B,NA,NA,NA,NA,288,68.51494252873563,0.9130076063596373,0.6455938697317976,NA,NA,NA,NA,NA,NA,NA,NA,NA,NA,NA,NA,NA,NA,NA,NA,NA,2016-02-02,Goleta Pier,surface,NA,NA,2.0000000000000004,2
BR16-1,20160122,goletapier,bottle,0m,C,NA,NA,NA,NA,0,83.07536808976465,1.0295041258654587,0.7279693486589948,NA,NA,NA,NA,NA,NA,NA,NA,NA,NA,NA,NA,293190.0264180636,33668.870676090584,NA,NA,NA,2016-01-22,Goleta Pier,surface,NA,NA,2.0000000000000004,2
BR16-1,20160122,goletapier,bottle,0m,C,NA,NA,NA,NA,12,81.25544471811713,0.5635180478421525,0.3984674329501913,NA,NA,NA,NA,NA,NA,NA,NA,NA,NA,NA,NA,374027.79871505446,47781.78501055755,NA,NA,NA,2016-01-22,Goleta Pier,surface,NA,NA,2.0000000000000004,2
BR16-1,20160123,goletapier,bottle,0m,C,NA,NA,NA,NA,36,82.03322249589492,0.487659849094161,0.34482758620688964,NA,NA,NA,NA,NA,NA,NA,NA,NA,NA,NA,NA,511207.0486735846,52757.60019452358,NA,NA,NA,2016-01-23,Goleta Pier,surface,NA,NA,2.0000000000000004,2
BR16-1,20160124,goletapier,bottle,0m,C,NA,NA,NA,NA,48,80.98916119321292,0.25195758869865853,0.17816091954023247,NA,NA,NA,NA,NA,NA,NA,NA,NA,NA,NA,NA,690183.1013538542,42026.69562478515,NA,NA,NA,2016-01-24,Goleta Pier,surface,NA,NA,2.0000000000000004,2
BR16-1,20160125,goletapier,bottle,0m,C,NA,NA,NA,NA,72,80.81674740010948,0.11107807673813298,0.07854406130269354,NA,NA,NA,NA,NA,NA,NA,NA,NA,NA,NA,NA,768510.558611098,35024.433707150776,NA,NA,NA,2016-01-25,Goleta Pier,surface,NA,NA,1.9999999999999996,2
BR16-1,20160126,goletapier,bottle,0m,C,NA,NA,NA,NA,96,80.61559797482212,0.04876598490940806,0.034482758620683285,NA,NA,NA,NA,NA,NA,NA,NA,NA,NA,NA,NA,NA,NA,NA,NA,NA,2016-01-26,Goleta Pier,surface,NA,NA,2.0000000000000004,2
BR16-1,20160127,goletapier,bottle,0m,C,NA,NA,NA,NA,120,80.53705391351944,0.11649651950583159,0.08237547892720441,NA,NA,NA,NA,NA,NA,NA,NA,NA,NA,NA,NA,NA,NA,NA,NA,NA,2016-01-27,Goleta Pier,surface,NA,NA,2.000000000000001,2
BR16-1,20160129,goletapier,bottle,0m,C,NA,NA,NA,NA,168,80.61559797482212,0.9915750264914781,0.7011494252873546,NA,NA,NA,NA,NA,NA,NA,NA,NA,NA,NA,NA,NA,NA,NA,NA,NA,2016-01-29,Goleta Pier,surface,NA,NA,2.0000000000000004,2
BR16-1,20160201,goletapier,bottle,0m,C,NA,NA,NA,NA,240,80.89529146141217,0.16797172579910905,0.11877394636015735,NA,NA,NA,NA,NA,NA,NA,NA,NA,NA,NA,NA,NA,NA,NA,NA,NA,2016-02-01,Goleta Pier,surface,NA,NA,2.0000000000000004,2
BR16-1,20160203,goletapier,bottle,0m,C,NA,NA,NA,NA,288,79.93360563765737,0.6447946893578528,0.45593869731801107,NA,NA,NA,NA,NA,NA,NA,NA,NA,NA,NA,NA,NA,NA,NA,NA,NA,2016-02-03,Goleta Pier,surface,NA,NA,2.0000000000000004,2
BR16-1,20160122,goletapier,bottle,0m,D,NA,NA,NA,NA,0,84.42977422003285,0.22486537486008512,0.15900383141762117,NA,NA,NA,NA,NA,NA,NA,NA,NA,NA,NA,NA,292133.1692673789,39885.647654716806,NA,NA,NA,2016-01-22,Goleta Pier,surface,NA,NA,2.0000000000000004,2
BR16-1,20160122,goletapier,bottle,0m,D,NA,NA,NA,NA,12,84.16732211275315,0.22215615347622578,0.15708812260535865,NA,NA,NA,NA,NA,NA,NA,NA,NA,NA,NA,NA,394036.54110581713,35038.924379138836,NA,NA,NA,2016-01-22,Goleta Pier,surface,NA,NA,2.0000000000000004,2
BR16-1,20160123,goletapier,bottle,0m,D,NA,NA,NA,NA,36,82.65965927750412,0.4253477572654763,0.30076628352490786,NA,NA,NA,NA,NA,NA,NA,NA,NA,NA,NA,NA,485871.61572668515,70519.41611711615,NA,NA,NA,2016-01-23,Goleta Pier,surface,NA,NA,2.0000000000000004,2
BR16-1,20160124,goletapier,bottle,0m,D,NA,NA,NA,NA,48,81.68073207443896,1.2679156076448408,0.8965517241379288,NA,NA,NA,NA,NA,NA,NA,NA,NA,NA,NA,NA,687778.0672918163,41880.248059937156,NA,NA,NA,2016-01-24,Goleta Pier,surface,NA,NA,2.0000000000000004,2
BR16-1,20160125,goletapier,bottle,0m,D,NA,NA,NA,NA,72,80.90678571428572,1.2516602793417047,0.8850574712643676,NA,NA,NA,NA,NA,NA,NA,NA,NA,NA,NA,NA,895073.694137115,37273.38174671139,NA,NA,NA,2016-01-25,Goleta Pier,surface,NA,NA,2.0000000000000004,2
BR16-1,20160126,goletapier,bottle,0m,D,NA,NA,NA,NA,96,81.08111521620143,0.39283710065919414,0.2777777777777785,NA,NA,NA,NA,NA,NA,NA,NA,NA,NA,NA,NA,NA,NA,NA,NA,NA,2016-01-26,Goleta Pier,surface,NA,NA,2.0000000000000004,2
BR16-1,20160127,goletapier,bottle,0m,D,NA,NA,NA,NA,120,80.69988916256159,0.43889386418475296,0.3103448275862064,NA,NA,NA,NA,NA,NA,NA,NA,NA,NA,NA,NA,NA,NA,NA,NA,NA,2016-01-27,Goleta Pier,surface,NA,NA,2.0000000000000004,2
BR16-1,20160129,goletapier,bottle,0m,D,NA,NA,NA,NA,168,81.2726860974275,0.7829649799345291,0.5536398467432946,NA,NA,NA,NA,NA,NA,NA,NA,NA,NA,NA,NA,NA,NA,NA,NA,NA,2016-01-29,Goleta Pier,surface,NA,NA,2.0000000000000004,2
BR16-1,20160201,goletapier,bottle,0m,D,NA,NA,NA,NA,240,80.71138341543515,0.4280569786493356,0.30268199233717036,NA,NA,NA,NA,NA,NA,NA,NA,NA,NA,NA,NA,NA,NA,NA,NA,NA,2016-02-01,Goleta Pier,surface,NA,NA,2.000000000000001,2
BR16-1,20160203,goletapier,bottle,0m,D,NA,NA,NA,NA,288,79.76885467980296,0.34678033713363543,0.2452107279693507,NA,NA,NA,NA,NA,NA,NA,NA,NA,NA,NA,NA,NA,NA,NA,NA,NA,2016-02-03,Goleta Pier,surface,NA,NA,2.0000000000000004,2
BR16-1,20160123,goletapier,bottle,0m,E,NA,NA,NA,NA,0,79.46039215686272,0.8734848473481076,0.6176470588235432,NA,NA,NA,NA,NA,NA,NA,NA,NA,NA,NA,NA,218132.93187917164,25561.71883541598,NA,NA,NA,2016-01-23,Goleta Pier,surface,NA,NA,1.9999999999999996,2
BR16-1,20160123,goletapier,bottle,0m,E,NA,NA,NA,NA,12,79.82313725490195,0.47695045632974803,0.3372549019607831,NA,NA,NA,NA,NA,NA,NA,NA,NA,NA,NA,NA,304343.83123619575,42493.86110511784,NA,NA,NA,2016-01-23,Goleta Pier,surface,NA,NA,2.0000000000000004,2
BR16-1,20160124,goletapier,bottle,0m,E,NA,NA,NA,NA,36,77.5113725490196,0.9566738804288626,0.676470588235297,NA,NA,NA,NA,NA,NA,NA,NA,NA,NA,NA,NA,368964.78170415515,38437.14359431439,NA,NA,NA,2016-01-24,Goleta Pier,surface,NA,NA,2.0000000000000004,2
BR16-1,20160125,goletapier,bottle,0m,E,NA,NA,NA,NA,48,77.26235294117646,1.098095236666164,0.7764705882352914,NA,NA,NA,NA,NA,NA,NA,NA,NA,NA,NA,NA,728637.9530168414,73782.51861095475,NA,NA,NA,2016-01-25,Goleta Pier,surface,NA,NA,2.0000000000000004,2
BR16-1,20160126,goletapier,bottle,0m,E,NA,NA,NA,NA,72,74.32705882352941,0.33552910009243647,0.23725490196078167,NA,NA,NA,NA,NA,NA,NA,NA,NA,NA,NA,NA,1101951.6976889821,59595.54950151044,NA,NA,NA,2016-01-26,Goleta Pier,surface,NA,NA,2.0000000000000004,2
BR16-1,20160127,goletapier,bottle,0m,E,NA,NA,NA,NA,96,74.60156862745097,0.12478354962116255,0.08823529411765207,NA,NA,NA,NA,NA,NA,NA,NA,NA,NA,NA,NA,1122939.1647332248,91300.94752127815,NA,NA,NA,2016-01-27,Goleta Pier,surface,NA,NA,2.0000000000000004,2
BR16-1,20160128,goletapier,bottle,0m,E,NA,NA,NA,NA,120,75.24666666666666,0.022183742154872,0.015686274509803866,NA,NA,NA,NA,NA,NA,NA,NA,NA,NA,NA,NA,NA,NA,NA,NA,NA,2016-01-28,Goleta Pier,surface,NA,NA,1.9999999999999996,2
BR16-1,20160130,goletapier,bottle,0m,E,NA,NA,NA,NA,168,75.23098039215685,0.10537277523564703,0.07450980392157192,NA,NA,NA,NA,NA,NA,NA,NA,NA,NA,NA,NA,NA,NA,NA,NA,NA,2016-01-30,Goleta Pier,surface,NA,NA,2.0000000000000004,2
BR16-1,20160203,goletapier,bottle,0m,E,NA,NA,NA,NA,240,74.36431372549018,0.22738335708744303,0.16078431372549318,NA,NA,NA,NA,NA,NA,NA,NA,NA,NA,NA,NA,NA,NA,NA,NA,NA,2016-02-03,Goleta Pier,surface,NA,NA,2.0000000000000004,2
BR16-1,20160205,goletapier,bottle,0m,E,NA,NA,NA,NA,288,73.57264705882352,0.13240921098689287,0.09362745098039225,NA,NA,NA,NA,NA,NA,NA,NA,NA,NA,NA,NA,NA,NA,NA,NA,NA,2016-02-05,Goleta Pier,surface,NA,NA,2.0000000000000004,2
BR16-1,20160123,goletapier,bottle,0m,F,NA,NA,NA,NA,0,78.39764705882354,0.14142135623731153,0.10000000000000142,NA,NA,NA,NA,NA,NA,NA,NA,NA,NA,NA,NA,239309.8399657037,25988.28936056197,NA,NA,NA,2016-01-23,Goleta Pier,surface,NA,NA,2.0000000000000004,2
BR16-1,20160123,goletapier,bottle,0m,F,NA,NA,NA,NA,12,79.13098039215686,0.25234006701167155,0.17843137254902078,NA,NA,NA,NA,NA,NA,NA,NA,NA,NA,NA,NA,286399.8407331486,26595.238823295385,NA,NA,NA,2016-01-23,Goleta Pier,surface,NA,NA,2.0000000000000004,2
BR16-1,20160124,goletapier,bottle,0m,F,NA,NA,NA,NA,36,77.98980392156864,0.9566738804288525,0.6764705882352898,NA,NA,NA,NA,NA,NA,NA,NA,NA,NA,NA,NA,309095.67716860573,46749.469507203714,NA,NA,NA,2016-01-24,Goleta Pier,surface,NA,NA,2.0000000000000004,2
BR16-1,20160125,goletapier,bottle,0m,F,NA,NA,NA,NA,48,75.57803921568626,0.18024290500832243,0.1274509803921475,NA,NA,NA,NA,NA,NA,NA,NA,NA,NA,NA,NA,794449.4103378,86658.13433647186,NA,NA,NA,2016-01-25,Goleta Pier,surface,NA,NA,2.000000000000001,2
BR16-1,20160126,goletapier,bottle,0m,F,NA,NA,NA,NA,72,75.08784313725491,0.21906445377935346,0.15490196078430785,NA,NA,NA,NA,NA,NA,NA,NA,NA,NA,NA,NA,1012909.1760678675,86338.28810223173,NA,NA,NA,2016-01-26,Goleta Pier,surface,NA,NA,1.9999999999999996,2
BR16-1,20160127,goletapier,bottle,0m,F,NA,NA,NA,NA,96,74.49568627450978,0.3466209711698725,0.24509803921568363,NA,NA,NA,NA,NA,NA,NA,NA,NA,NA,NA,NA,NA,NA,NA,NA,NA,2016-01-27,Goleta Pier,surface,NA,NA,2.0000000000000004,2
BR16-1,20160128,goletapier,bottle,0m,F,NA,NA,NA,NA,120,73.85058823529411,0.04991341984844693,0.03529411764704804,NA,NA,NA,NA,NA,NA,NA,NA,NA,NA,NA,NA,NA,NA,NA,NA,NA,2016-01-28,Goleta Pier,surface,NA,NA,2.0000000000000004,2
BR16-1,20160130,goletapier,bottle,0m,F,NA,NA,NA,NA,168,73.79372549019607,1.0786844622806484,0.7627450980392111,NA,NA,NA,NA,NA,NA,NA,NA,NA,NA,NA,NA,NA,NA,NA,NA,NA,2016-01-30,Goleta Pier,surface,NA,NA,2.0000000000000004,2
BR16-1,20160203,goletapier,bottle,0m,F,NA,NA,NA,NA,240,73.3192156862745,1.1452356887452644,0.8098039215686227,NA,NA,NA,NA,NA,NA,NA,NA,NA,NA,NA,NA,NA,NA,NA,NA,NA,2016-02-03,Goleta Pier,surface,NA,NA,2.0000000000000004,2
BR16-1,20160205,goletapier,bottle,0m,F,NA,NA,NA,NA,288,72.32509803921567,0.188561808316412,0.13333333333333286,NA,NA,NA,NA,NA,NA,NA,NA,NA,NA,NA,NA,NA,NA,NA,NA,NA,2016-02-05,Goleta Pier,surface,NA,NA,2.0000000000000004,2
BR16-1,20160124,goletapier,bottle,0m,G,NA,NA,NA,NA,0,76.5891439909297,1.868782207421597,1.3214285714285763,NA,NA,NA,NA,NA,NA,NA,NA,NA,NA,NA,NA,524373.8070401398,39241.421986778405,NA,NA,NA,2016-01-24,Goleta Pier,surface,NA,NA,2.0000000000000004,2
BR16-1,20160124,goletapier,bottle,0m,G,NA,NA,NA,NA,12,76.51969954648526,1.1420335712020844,0.8075396825396837,NA,NA,NA,NA,NA,NA,NA,NA,NA,NA,NA,NA,319370.4413097027,34928.999482933905,NA,NA,NA,2016-01-24,Goleta Pier,surface,NA,NA,2.0000000000000004,2
BR16-1,20160125,goletapier,bottle,0m,G,NA,NA,NA,NA,36,76.17247732426303,0.8361818285460075,0.5912698412698489,NA,NA,NA,NA,NA,NA,NA,NA,NA,NA,NA,NA,467266.82017124293,48246.92251658176,NA,NA,NA,2016-01-25,Goleta Pier,surface,NA,NA,2.0000000000000004,2
BR16-1,20160126,goletapier,bottle,0m,G,NA,NA,NA,NA,48,76.96017573696145,0.5471659616324537,0.38690476190476625,NA,NA,NA,NA,NA,NA,NA,NA,NA,NA,NA,NA,654895.3295835159,64399.76520347077,NA,NA,NA,2016-01-26,Goleta Pier,surface,NA,NA,2.0000000000000004,2
BR16-1,20160127,goletapier,bottle,0m,G,NA,NA,NA,NA,72,76.09906462585033,0.7604203877045788,0.5376984126984111,NA,NA,NA,NA,NA,NA,NA,NA,NA,NA,NA,NA,696780.9446048975,74440.02641644304,NA,NA,NA,2016-01-27,Goleta Pier,surface,NA,NA,2.000000000000001,2
BR16-1,20160128,goletapier,bottle,0m,G,NA,NA,NA,NA,96,75.4125566893424,0.014029896452110849,0.009920634920632665,NA,NA,NA,NA,NA,NA,NA,NA,NA,NA,NA,NA,NA,NA,NA,NA,NA,2016-01-28,Goleta Pier,surface,NA,NA,2.0000000000000004,2
BR16-1,20160129,goletapier,bottle,0m,G,NA,NA,NA,NA,120,75.0236678004535,0.47982245866230155,0.3392857142857153,NA,NA,NA,NA,NA,NA,NA,NA,NA,NA,NA,NA,NA,NA,NA,NA,NA,2016-01-29,Goleta Pier,surface,NA,NA,2.0000000000000004,2
BR16-1,20160201,goletapier,bottle,0m,G,NA,NA,NA,NA,168,75.17644557823128,0.056119585808443395,0.03968253968253066,NA,NA,NA,NA,NA,NA,NA,NA,NA,NA,NA,NA,NA,NA,NA,NA,NA,2016-02-01,Goleta Pier,surface,NA,NA,2.0000000000000004,2
BR16-1,20160204,goletapier,bottle,0m,G,NA,NA,NA,NA,240,74.2518424036281,0.5611958580845645,0.3968253968253989,NA,NA,NA,NA,NA,NA,NA,NA,NA,NA,NA,NA,NA,NA,NA,NA,NA,2016-02-04,Goleta Pier,surface,NA,NA,2.0000000000000004,2
BR16-1,20160206,goletapier,bottle,0m,G,NA,NA,NA,NA,288,74.1327947845805,0.09540329587437386,0.06746031746031633,NA,NA,NA,NA,NA,NA,NA,NA,NA,NA,NA,NA,NA,NA,NA,NA,NA,2016-02-06,Goleta Pier,surface,NA,NA,2.0000000000000004,2
BR16-1,20160124,goletapier,bottle,0m,H,NA,NA,NA,NA,0,76.63279478458048,0.437732769305969,0.3095238095238173,NA,NA,NA,NA,NA,NA,NA,NA,NA,NA,NA,NA,491357.45747526706,36302.72687712342,NA,NA,NA,2016-01-24,Goleta Pier,surface,NA,NA,2.0000000000000004,2
BR16-1,20160124,goletapier,bottle,0m,H,NA,NA,NA,NA,12,77.74787414965985,NA,NA,NA,NA,NA,NA,NA,NA,NA,NA,NA,NA,NA,NA,281413.81655401667,41400.40307695581,NA,NA,NA,2016-01-24,Goleta Pier,surface,NA,NA,NA,1
BR16-1,20160125,goletapier,bottle,0m,H,NA,NA,NA,NA,36,75.28755668934238,0.25253813613804554,0.1785714285714235,NA,NA,NA,NA,NA,NA,NA,NA,NA,NA,NA,NA,382514.3358345338,42280.28698816172,NA,NA,NA,2016-01-25,Goleta Pier,surface,NA,NA,2.0000000000000004,2
BR16-1,20160126,goletapier,bottle,0m,H,NA,NA,NA,NA,48,75.21017573696145,0.7772562634471218,0.5496031746031775,NA,NA,NA,NA,NA,NA,NA,NA,NA,NA,NA,NA,NA,NA,NA,NA,NA,2016-01-26,Goleta Pier,surface,NA,NA,1.9999999999999996,2
BR16-1,20160127,goletapier,bottle,0m,H,NA,NA,NA,NA,72,73.52962018140589,0.11223917161690689,0.07936507936507553,NA,NA,NA,NA,NA,NA,NA,NA,NA,NA,NA,NA,737067.0295800476,86116.39973230968,NA,NA,NA,2016-01-27,Goleta Pier,surface,NA,NA,2.0000000000000004,2
BR16-1,20160128,goletapier,bottle,0m,H,NA,NA,NA,NA,96,74.44628684807255,NA,NA,NA,NA,NA,NA,NA,NA,NA,NA,NA,NA,NA,NA,NA,NA,NA,NA,NA,2016-01-28,Goleta Pier,surface,NA,NA,NA,1
BR16-1,20160129,goletapier,bottle,0m,H,NA,NA,NA,NA,120,73.62485827664396,NA,NA,NA,NA,NA,NA,NA,NA,NA,NA,NA,NA,NA,NA,NA,NA,NA,NA,NA,2016-01-29,Goleta Pier,surface,NA,NA,NA,1
BR16-1,20160201,goletapier,bottle,0m,H,NA,NA,NA,NA,168,73.19628684807255,0.11785113019775122,0.08333333333332858,NA,NA,NA,NA,NA,NA,NA,NA,NA,NA,NA,NA,NA,NA,NA,NA,NA,2016-02-01,Goleta Pier,surface,NA,NA,2.0000000000000004,2
BR16-1,20160204,goletapier,bottle,0m,H,NA,NA,NA,NA,240,73.13477891156461,0.1431049438115608,0.1011904761904745,NA,NA,NA,NA,NA,NA,NA,NA,NA,NA,NA,NA,NA,NA,NA,NA,NA,2016-02-04,Goleta Pier,surface,NA,NA,2.0000000000000004,2
BR16-1,20160206,goletapier,bottle,0m,H,NA,NA,NA,NA,288,72.50977891156461,0.48824039653356804,0.34523809523809484,NA,NA,NA,NA,NA,NA,NA,NA,NA,NA,NA,NA,NA,NA,NA,NA,NA,2016-02-06,Goleta Pier,surface,NA,NA,2.000000000000001,2
BR16-2,20161011,stearnswarf,bioreactor,0m,NA,NA,NA,0,NA,0,75.3747474747475,1.9098485850171658,0.9549242925085829,NA,NA,NA,NA,NA,NA,NA,NA,NA,NA,NA,NA,NA,NA,NA,NA,NA,2016-10-11,Stearns Wharf,surface,0,NA,4,4
BR16-2,20161011,stearnswarf,bioreactor,0m,NA,5,mixed,1,0.067,7,64.08876262626262,0.09106678242553777,0.06439393939393766,NA,NA,NA,NA,NA,NA,NA,NA,NA,NA,NA,NA,NA,NA,NA,NA,NA,2016-10-11,Stearns Wharf,surface,1,4,2.000000000000001,2
BR16-2,20161011,stearnswarf,bioreactor,0m,NA,5_6,mixed,2,0.067,7,60.37474747474748,0.7365695637359954,0.5208333333333393,NA,NA,NA,NA,NA,NA,NA,NA,NA,NA,NA,NA,NA,NA,NA,NA,NA,2016-10-11,Stearns Wharf,surface,2,4,1.9999999999999996,2
BR16-2,20161011,stearnswarf,bioreactor,0m,NA,5_6_8,mixed,3,0.067,7,58.71944444444445,0.17945513007385622,0.12689393939393767,NA,NA,NA,NA,NA,NA,NA,NA,NA,NA,NA,NA,NA,NA,NA,NA,NA,2016-10-11,Stearns Wharf,surface,3,4,2.0000000000000004,2
BR16-2,20161011,stearnswarf,bioreactor,0m,NA,5_6_8_9,mixed,4,0.067,7,59.28194444444445,0.7446048680676585,0.5265151515151558,NA,NA,NA,NA,NA,NA,NA,NA,NA,NA,NA,NA,NA,NA,NA,NA,NA,2016-10-11,Stearns Wharf,surface,4,4,2.0000000000000004,2
BR16-2,20161011,stearnswarf,bioreactor,0m,NA,5_6_8_10,mixed,5,0.067,7,60.62664141414142,0.11249426064331758,0.0795454545454568,NA,NA,NA,NA,NA,NA,NA,NA,NA,NA,NA,NA,NA,NA,NA,NA,NA,2016-10-11,Stearns Wharf,surface,5,4,2.0000000000000004,2
BR16-3,20161011,goletapier,bioreactor,0m,NA,NA,NA,0,NA,0,77.27253787878789,1.2615427800714623,0.8920454545454602,6.494990612732548,0.4479098664799135,0.9173451919517605,0.06614829790251692,5.5776454207807875,0,0.05650966666666668,0.02539277361989255,0.05634533333333333,0.02815502478145676,0.8044901919517605,0.06700546177406105,NA,NA,NA,NA,NA,2016-10-11,Goleta Pier,surface,0,NA,2.0000000000000004,2
BR16-3,20161011,goletapier,bioreactor,0m,NA,5,mixed,1,0.067,7,66.56988636363637,0.4660476512365863,0.32954545454545325,NA,NA,NA,NA,NA,NA,NA,NA,NA,NA,NA,NA,NA,NA,NA,NA,NA,2016-10-11,Goleta Pier,surface,1,4,2.0000000000000004,2
BR16-3,20161011,goletapier,bioreactor,0m,NA,5_6,mixed,2,0.067,7,61.41079545454546,0.6428243465332132,0.45454545454544615,NA,NA,NA,NA,NA,NA,NA,NA,NA,NA,NA,NA,NA,NA,NA,NA,NA,2016-10-11,Goleta Pier,surface,2,4,2.0000000000000004,2
BR16-3,20161011,goletapier,bioreactor,0m,NA,5_6_8,mixed,3,0.067,7,59.020643939393935,0.10178052153443018,0.071969696969699,NA,NA,NA,NA,NA,NA,NA,NA,NA,NA,NA,NA,NA,NA,NA,NA,NA,2016-10-11,Goleta Pier,surface,3,4,2.0000000000000004,2
BR16-3,20161011,goletapier,bioreactor,0m,NA,5_6_8_9,mixed,4,0.067,7,57.95625000000001,0.08035304331665541,0.056818181818183426,NA,NA,NA,NA,NA,NA,NA,NA,NA,NA,NA,NA,NA,NA,NA,NA,NA,2016-10-11,Goleta Pier,surface,4,4,2.0000000000000004,2
BR16-3,20161011,goletapier,bioreactor,0m,NA,5_6_8_9_10,mixed,5,0.067,7,60.043371212121215,0.8678128678198583,0.6136363636363669,17.51495989076634,0,11.627075995735073,0,5.887883895031269,0,10.921488,0,0.013511999999999996,0,0.6920759957350713,0,NA,NA,NA,NA,NA,2016-10-11,Goleta Pier,surface,5,4,1.9999999999999996,2
BR16-3,20161011,goletapier,bioreactor,DiatomLysate,NA,NA,NA,0,NA,0,87.3409607120933,3.2555560828109917,2.302025782688766,12.979885646014678,0.24342406241040124,2.086753307846919,0.5377653415691,10.893132338167758,0,0.058962666666666684,0.0328705927607709,0.050177333333333324,0.024336571693190024,1.9776133078469185,0.5403856275662187,NA,NA,NA,NA,NA,2016-10-11,Goleta Pier,diatom lysate,0,NA,1.9999999999999996,2
BR16-3,20161011,goletapier,bioreactor,DiatomLysate,NA,5,mixed,1,0.067,7,68.06103437691837,0.6172534333009658,0.4364640883977912,NA,NA,NA,NA,NA,NA,NA,NA,NA,NA,NA,NA,NA,NA,NA,NA,NA,2016-10-11,Goleta Pier,diatom lysate,1,4,2.0000000000000004,2
BR16-3,20161011,goletapier,bioreactor,DiatomLysate,NA,5_6,mixed,2,0.067,7,64.46066605279313,1.6512180452017378,1.1675874769797439,NA,NA,NA,NA,NA,NA,NA,NA,NA,NA,NA,NA,NA,NA,NA,NA,NA,2016-10-11,Goleta Pier,diatom lysate,2,4,2.0000000000000004,2
BR16-3,20161011,goletapier,bioreactor,DiatomLysate,NA,5_6_8,mixed,3,0.067,7,61.96527010435851,4.466622945616682,3.1583793738489874,NA,NA,NA,NA,NA,NA,NA,NA,NA,NA,NA,NA,NA,NA,NA,NA,NA,2016-10-11,Goleta Pier,diatom lysate,3,4,2.0000000000000004,2
BR16-3,20161011,goletapier,bioreactor,DiatomLysate,NA,5_6_8_9,mixed,4,0.067,7,57.396209330877845,0.5833956500397334,0.4125230202578294,NA,NA,NA,NA,NA,NA,NA,NA,NA,NA,NA,NA,NA,NA,NA,NA,NA,2016-10-11,Goleta Pier,diatom lysate,4,4,2.0000000000000004,2
BR16-3,20161011,goletapier,bioreactor,DiatomLysate,NA,5_6_8_9_10,mixed,5,0.067,7,57.87503069367711,0.7240356728171637,0.5119705340699808,11.988078170336234,0,7.58067309422929,0,4.407405076106944,0,6.896256,0,0.05874399999999999,0,0.6256730942292904,0,NA,NA,water,outflow,N-Amend-BR5-10-FT,2016-10-11,Goleta Pier,diatom lysate,5,4,2.000000000000001,2
BR16-3,20161011,goletapier,bottle,0m,A,NA,NA,NA,NA,0,74.08487037037037,0.44521538074708805,0.3148148148148166,NA,NA,NA,NA,NA,NA,NA,NA,NA,NA,NA,NA,826870.2264179749,56999.49860292484,water,bottle,N-Control-T0_S121,2016-10-11,Goleta Pier,surface,NA,NA,2.0000000000000004,2
BR16-3,20161012,goletapier,bottle,0m,A,NA,NA,NA,NA,24,72.95894444444444,NA,NA,NA,NA,NA,NA,NA,NA,NA,NA,NA,NA,NA,NA,1308053.1102788553,89043.40602232504,NA,NA,NA,2016-10-12,Goleta Pier,surface,NA,NA,NA,1
BR16-3,20161013,goletapier,bottle,0m,A,NA,NA,NA,NA,48,71.43487037037036,0.505450402848162,0.35740740740740756,NA,NA,NA,NA,NA,NA,NA,NA,NA,NA,NA,NA,1733920.9583213297,135168.72375258303,NA,NA,NA,2016-10-13,Goleta Pier,surface,NA,NA,2.0000000000000004,2
BR16-3,20161014,goletapier,bottle,0m,A,NA,NA,NA,NA,72,72.28857407407406,0.14665918424610494,0.10370370370370807,NA,NA,NA,NA,NA,NA,NA,NA,NA,NA,NA,NA,3235233.287596191,331243.40342235594,NA,NA,NA,2016-10-14,Goleta Pier,surface,NA,NA,2.0000000000000004,2
BR16-3,20161015,goletapier,bottle,0m,A,NA,NA,NA,NA,96,72.78487037037037,NA,NA,NA,NA,NA,NA,NA,NA,NA,NA,NA,NA,NA,NA,2123632.041588181,234270.12256913065,water,bottle,N-Control-A-T4_S122,2016-10-15,Goleta Pier,surface,NA,NA,NA,1
BR16-3,20161016,goletapier,bottle,0m,A,NA,NA,NA,NA,120,71.46264814814816,0.17808615229882518,0.12592592592591956,NA,NA,NA,NA,NA,NA,NA,NA,NA,NA,NA,NA,1139929.5599741458,121395.35584432099,NA,NA,NA,2016-10-16,Goleta Pier,surface,NA,NA,2.0000000000000004,2
BR16-3,20161017,goletapier,bottle,0m,A,NA,NA,NA,NA,144,71.2682037037037,0.36402904661085056,0.2574074074074062,NA,NA,NA,NA,NA,NA,NA,NA,NA,NA,NA,NA,NA,NA,NA,NA,NA,2016-10-17,Goleta Pier,surface,NA,NA,2.0000000000000004,2
BR16-3,20161018,goletapier,bottle,0m,A,NA,NA,NA,NA,168,71.29042592592592,0.6521095870942669,0.46111111111111563,NA,NA,NA,NA,NA,NA,NA,NA,NA,NA,NA,NA,NA,NA,NA,NA,NA,2016-10-18,Goleta Pier,surface,NA,NA,2.0000000000000004,2
BR16-3,20161025,goletapier,bottle,0m,A,NA,NA,NA,NA,336,68.02375925925926,0.3692668746196439,0.2611111111111128,NA,NA,NA,NA,NA,NA,NA,NA,NA,NA,NA,NA,NA,NA,NA,NA,NA,2016-10-25,Goleta Pier,surface,NA,NA,2.0000000000000004,2
BR16-3,20161108,goletapier,bottle,0m,A,NA,NA,NA,NA,672,67.07375925925925,NA,NA,NA,NA,NA,NA,NA,NA,NA,NA,NA,NA,NA,NA,NA,NA,NA,NA,NA,2016-11-08,Goleta Pier,surface,NA,NA,NA,1
BR16-3,20161122,goletapier,bottle,0m,A,NA,NA,NA,NA,1008,67.28857407407406,0.12570787221093127,0.08888888888888145,NA,NA,NA,NA,NA,NA,NA,NA,NA,NA,NA,NA,NA,NA,NA,NA,NA,2016-11-22,Goleta Pier,surface,NA,NA,2.0000000000000004,2
BR16-3,20161206,goletapier,bottle,0m,A,NA,NA,NA,NA,1344,65.27746296296296,NA,NA,NA,NA,NA,NA,NA,NA,NA,NA,NA,NA,NA,NA,NA,NA,NA,NA,NA,2016-12-06,Goleta Pier,surface,NA,NA,NA,1
BR16-3,20161220,goletapier,bottle,0m,A,NA,NA,NA,NA,1680,67.00749063670412,1.3294666822308918,0.9400749063670445,NA,NA,NA,NA,NA,NA,NA,NA,NA,NA,NA,NA,NA,NA,NA,NA,NA,2016-12-20,Goleta Pier,surface,NA,NA,2.0000000000000004,2
BR16-3,20161011,goletapier,bottle,0m,B,NA,NA,NA,NA,0,73.2283464566929,0.19619760707837772,0.13873265841769464,NA,NA,NA,NA,NA,NA,NA,NA,NA,NA,NA,NA,882139.8213355709,71046.17555551027,water,bottle,N-Control-T0_S121,2016-10-11,Goleta Pier,surface,NA,NA,2.000000000000001,2
BR16-3,20161012,goletapier,bottle,0m,B,NA,NA,NA,NA,24,72.68653918260216,0.7556259191532376,0.5343082114735722,NA,NA,NA,NA,NA,NA,NA,NA,NA,NA,NA,NA,1301672.2389086934,71805.6640852272,NA,NA,NA,2016-10-12,Goleta Pier,surface,NA,NA,2.0000000000000004,2
BR16-3,20161013,goletapier,bottle,0m,B,NA,NA,NA,NA,48,73.61642294713161,0.05037506127687044,0.03562054743156295,NA,NA,NA,NA,NA,NA,NA,NA,NA,NA,NA,NA,1612927.8999030287,104190.05586353967,NA,NA,NA,2016-10-13,Goleta Pier,surface,NA,NA,2.0000000000000004,2
BR16-3,20161014,goletapier,bottle,0m,B,NA,NA,NA,NA,72,73.21897262842144,0.2783884965301338,0.19685039370078525,NA,NA,NA,NA,NA,NA,NA,NA,NA,NA,NA,NA,2496098.6851892886,181281.2696743556,NA,NA,NA,2016-10-14,Goleta Pier,surface,NA,NA,2.0000000000000004,2
BR16-3,20161015,goletapier,bottle,0m,B,NA,NA,NA,NA,96,72.98087739032621,0.37648730006933273,0.2662167229096397,NA,NA,NA,NA,NA,NA,NA,NA,NA,NA,NA,NA,2261436.774939612,229231.43203905472,water,bottle,N-Control-B-T4_S123,2016-10-15,Goleta Pier,surface,NA,NA,2.0000000000000004,2
BR16-3,20161016,goletapier,bottle,0m,B,NA,NA,NA,NA,120,72.99212598425197,0.19089496904923348,0.1349831271091091,NA,NA,NA,NA,NA,NA,NA,NA,NA,NA,NA,NA,1109222.8414615511,126428.81485663516,NA,NA,NA,2016-10-16,Goleta Pier,surface,NA,NA,2.0000000000000004,2
BR16-3,20161017,goletapier,bottle,0m,B,NA,NA,NA,NA,144,72.70153730783652,0.06628297536432332,0.04686914135733388,NA,NA,NA,NA,NA,NA,NA,NA,NA,NA,NA,NA,NA,NA,NA,NA,NA,2016-10-17,Goleta Pier,surface,NA,NA,2.0000000000000004,2
BR16-3,20161018,goletapier,bottle,0m,B,NA,NA,NA,NA,168,71.75853018372703,0.18559233102009925,0.13123359580053062,NA,NA,NA,NA,NA,NA,NA,NA,NA,NA,NA,NA,NA,NA,NA,NA,NA,2016-10-18,Goleta Pier,surface,NA,NA,1.9999999999999996,2
BR16-3,20161025,goletapier,bottle,0m,B,NA,NA,NA,NA,336,70.15373078365204,0.23861871131154183,0.16872890888638636,NA,NA,NA,NA,NA,NA,NA,NA,NA,NA,NA,NA,NA,NA,NA,NA,NA,2016-10-25,Goleta Pier,surface,NA,NA,2.0000000000000004,2
BR16-3,20161108,goletapier,bottle,0m,B,NA,NA,NA,NA,672,68.1177352830896,0.04242110423315406,0.02999625046868459,NA,NA,NA,NA,NA,NA,NA,NA,NA,NA,NA,NA,NA,NA,NA,NA,NA,2016-11-08,Goleta Pier,surface,NA,NA,2.0000000000000004,2
BR16-3,20161122,goletapier,bottle,0m,B,NA,NA,NA,NA,1008,68.11961004874391,0.10870407959748742,0.07686539182602557,NA,NA,NA,NA,NA,NA,NA,NA,NA,NA,NA,NA,NA,NA,NA,NA,NA,2016-11-22,Goleta Pier,surface,NA,NA,2.0000000000000004,2
BR16-3,20161206,goletapier,bottle,0m,B,NA,NA,NA,NA,1344,67.83089613798275,0.3261122387924522,0.23059617547806963,NA,NA,NA,NA,NA,NA,NA,NA,NA,NA,NA,NA,NA,NA,NA,NA,NA,2016-12-06,Goleta Pier,surface,NA,NA,2.0000000000000004,2
BR16-3,20161220,goletapier,bottle,0m,B,NA,NA,NA,NA,1680,68.67602996254682,0.10858194018219776,0.0767790262172241,NA,NA,NA,NA,NA,NA,NA,NA,NA,NA,NA,NA,NA,NA,NA,NA,NA,2016-12-20,Goleta Pier,surface,NA,NA,2.0000000000000004,2
BR16-3,20161011,goletapier,bottle,DiatomLysate,C,NA,NA,NA,NA,0,88.00065185185184,1.919663965221237,1.3574074074073934,NA,NA,NA,NA,NA,NA,NA,NA,NA,NA,NA,NA,1058506.0199759926,76820.98621724607,water,bottle,N-Amend-T0_S124,2016-10-11,Goleta Pier,diatom lysate,NA,NA,2.0000000000000004,2
BR16-3,20161012,goletapier,bottle,DiatomLysate,C,NA,NA,NA,NA,24,77.65065185185185,1.7337210709092419,1.225925925925928,NA,NA,NA,NA,NA,NA,NA,NA,NA,NA,NA,NA,5556620.035198523,363410.0797877098,NA,NA,NA,2016-10-12,Goleta Pier,diatom lysate,NA,NA,2.0000000000000004,2
BR16-3,20161013,goletapier,bottle,DiatomLysate,C,NA,NA,NA,NA,48,75.96546666666667,0.26712922844824283,0.1888888888888829,NA,NA,NA,NA,NA,NA,NA,NA,NA,NA,NA,NA,7354541.640960296,707257.6266296558,NA,NA,NA,2016-10-13,Goleta Pier,diatom lysate,NA,NA,2.0000000000000004,2
BR16-3,20161014,goletapier,bottle,DiatomLysate,C,NA,NA,NA,NA,72,78.18398518518518,1.0056629776875408,0.7111111111111157,NA,NA,NA,NA,NA,NA,NA,NA,NA,NA,NA,NA,3663918.4437165973,436441.1945723061,NA,NA,NA,2016-10-14,Goleta Pier,diatom lysate,NA,NA,2.0000000000000004,2
BR16-3,20161015,goletapier,bottle,DiatomLysate,C,NA,NA,NA,NA,96,76.37472592592593,1.0606601717798314,0.7500000000000071,NA,NA,NA,NA,NA,NA,NA,NA,NA,NA,NA,NA,1381012.2479039705,180944.4516253848,water,bottle,N-Amend-C-T4_S125,2016-10-15,Goleta Pier,diatom lysate,NA,NA,2.0000000000000004,2
BR16-3,20161016,goletapier,bottle,DiatomLysate,C,NA,NA,NA,NA,120,76.48213333333334,0.5211638868745322,0.3685185185185204,NA,NA,NA,NA,NA,NA,NA,NA,NA,NA,NA,NA,1363754.6529080425,179265.13890834624,NA,NA,NA,2016-10-16,Goleta Pier,diatom lysate,NA,NA,2.0000000000000004,2
BR16-3,20161017,goletapier,bottle,DiatomLysate,C,NA,NA,NA,NA,144,76.7450962962963,0.15451592625928498,0.10925925925926093,NA,NA,NA,NA,NA,NA,NA,NA,NA,NA,NA,NA,NA,NA,NA,NA,NA,2016-10-17,Goleta Pier,diatom lysate,NA,NA,2.0000000000000004,2
BR16-3,20161018,goletapier,bottle,DiatomLysate,C,NA,NA,NA,NA,168,77.43583703703703,0.5028314888437654,0.3555555555555543,NA,NA,NA,NA,NA,NA,NA,NA,NA,NA,NA,NA,NA,NA,NA,NA,NA,2016-10-18,Goleta Pier,diatom lysate,NA,NA,2.0000000000000004,2
BR16-3,20161025,goletapier,bottle,DiatomLysate,C,NA,NA,NA,NA,336,72.6488,0.128326786215328,0.0907407407407348,NA,NA,NA,NA,NA,NA,NA,NA,NA,NA,NA,NA,NA,NA,NA,NA,NA,2016-10-25,Goleta Pier,diatom lysate,NA,NA,2.0000000000000004,2
BR16-3,20161108,goletapier,bottle,DiatomLysate,C,NA,NA,NA,NA,672,70.74879999999999,0.4006938426723843,0.2833333333333385,NA,NA,NA,NA,NA,NA,NA,NA,NA,NA,NA,NA,NA,NA,NA,NA,NA,2016-11-08,Goleta Pier,diatom lysate,NA,NA,2.000000000000001,2
BR16-3,20161122,goletapier,bottle,DiatomLysate,C,NA,NA,NA,NA,1008,70.87287407407408,0.09951873216700444,0.07037037037037663,NA,NA,NA,NA,NA,NA,NA,NA,NA,NA,NA,NA,NA,NA,NA,NA,NA,2016-11-22,Goleta Pier,diatom lysate,NA,NA,2.0000000000000004,2
BR16-3,20161206,goletapier,bottle,DiatomLysate,C,NA,NA,NA,NA,1344,69.95620740740739,0.43212081072510455,0.30555555555555003,NA,NA,NA,NA,NA,NA,NA,NA,NA,NA,NA,NA,NA,NA,NA,NA,NA,2016-12-06,Goleta Pier,diatom lysate,NA,NA,1.9999999999999996,2
BR16-3,20161220,goletapier,bottle,DiatomLysate,C,NA,NA,NA,NA,1680,71.9494382022472,1.3956751823419882,0.986891385767791,NA,NA,NA,NA,NA,NA,NA,NA,NA,NA,NA,NA,NA,NA,NA,NA,NA,2016-12-20,Goleta Pier,diatom lysate,NA,NA,2.0000000000000004,2
BR16-3,20161011,goletapier,bottle,DiatomLysate,D,NA,NA,NA,NA,0,90.00366850828729,0.2838844904211211,0.20073664825046222,NA,NA,NA,NA,NA,NA,NA,NA,NA,NA,NA,NA,1141264.3721052632,70981.10951816336,water,bottle,N-Amend-T0_S124,2016-10-11,Goleta Pier,diatom lysate,NA,NA,2.0000000000000004,2
BR16-3,20161012,goletapier,bottle,DiatomLysate,D,NA,NA,NA,NA,24,77.64455248618785,0.30732449421736285,0.21731123388582316,NA,NA,NA,NA,NA,NA,NA,NA,NA,NA,NA,NA,5907817.307784349,563782.214475052,NA,NA,NA,2016-10-12,Goleta Pier,diatom lysate,NA,NA,2.0000000000000004,2
BR16-3,20161013,goletapier,bottle,DiatomLysate,D,NA,NA,NA,NA,48,76.41434990791898,NA,NA,NA,NA,NA,NA,NA,NA,NA,NA,NA,NA,NA,NA,7470817.917211219,831605.3689618954,NA,NA,NA,2016-10-13,Goleta Pier,diatom lysate,NA,NA,NA,1
BR16-3,20161014,goletapier,bottle,DiatomLysate,D,NA,NA,NA,NA,72,78.57641252302027,0.5886045397722237,0.4162062615101263,NA,NA,NA,NA,NA,NA,NA,NA,NA,NA,NA,NA,3597318.6933610337,375504.47692631546,NA,NA,NA,2016-10-14,Goleta Pier,diatom lysate,NA,NA,2.0000000000000004,2
BR16-3,20161015,goletapier,bottle,DiatomLysate,D,NA,NA,NA,NA,96,76.88396316758747,1.065217950295759,0.7532228360957659,NA,NA,NA,NA,NA,NA,NA,NA,NA,NA,NA,NA,1465623.7199667592,224928.9365776461,water,bottle,N-Amend-D-T4_S126,2016-10-15,Goleta Pier,diatom lysate,NA,NA,2.0000000000000004,2
BR16-3,20161016,goletapier,bottle,DiatomLysate,D,NA,NA,NA,NA,120,77.06075874769797,0.22137781363113637,0.15653775322282823,NA,NA,NA,NA,NA,NA,NA,NA,NA,NA,NA,NA,1342821.0039039704,146788.87999743823,NA,NA,NA,2016-10-16,Goleta Pier,diatom lysate,NA,NA,2.0000000000000004,2
BR16-3,20161017,goletapier,bottle,DiatomLysate,D,NA,NA,NA,NA,144,77.69611786372005,0.026044448662491955,0.01841620626151297,NA,NA,NA,NA,NA,NA,NA,NA,NA,NA,NA,NA,NA,NA,NA,NA,NA,2016-10-17,Goleta Pier,diatom lysate,NA,NA,2.0000000000000004,2
BR16-3,20161018,goletapier,bottle,DiatomLysate,D,NA,NA,NA,NA,168,78.11969060773481,1.0469868362320078,0.740331491712702,NA,NA,NA,NA,NA,NA,NA,NA,NA,NA,NA,NA,NA,NA,NA,NA,NA,2016-10-18,Goleta Pier,diatom lysate,NA,NA,2.0000000000000004,2
BR16-3,20161025,goletapier,bottle,DiatomLysate,D,NA,NA,NA,NA,336,74.95762799263352,0.2630489314911195,0.18600368324124616,NA,NA,NA,NA,NA,NA,NA,NA,NA,NA,NA,NA,NA,NA,NA,NA,NA,2016-10-25,Goleta Pier,diatom lysate,NA,NA,2.0000000000000004,2
BR16-3,20161108,goletapier,bottle,DiatomLysate,D,NA,NA,NA,NA,672,72.78451565377532,0.48703118998851613,0.34438305709023354,NA,NA,NA,NA,NA,NA,NA,NA,NA,NA,NA,NA,NA,NA,NA,NA,NA,2016-11-08,Goleta Pier,diatom lysate,NA,NA,2.0000000000000004,2
BR16-3,20161122,goletapier,bottle,DiatomLysate,D,NA,NA,NA,NA,1008,70.96683609576426,0.7032001138871722,0.49723756906077193,NA,NA,NA,NA,NA,NA,NA,NA,NA,NA,NA,NA,NA,NA,NA,NA,NA,2016-11-22,Goleta Pier,diatom lysate,NA,NA,2.0000000000000004,2
BR16-3,20161206,goletapier,bottle,DiatomLysate,D,NA,NA,NA,NA,1344,69.31858563535911,0.768311235543387,0.5432780847145436,NA,NA,NA,NA,NA,NA,NA,NA,NA,NA,NA,NA,NA,NA,NA,NA,NA,2016-12-06,Goleta Pier,diatom lysate,NA,NA,2.0000000000000004,2
BR16-3,20161220,goletapier,bottle,DiatomLysate,D,NA,NA,NA,NA,1680,71.74344569288391,0.26748234044885877,0.18913857677903678,NA,NA,NA,NA,NA,NA,NA,NA,NA,NA,NA,NA,NA,NA,NA,NA,NA,2016-12-20,Goleta Pier,diatom lysate,NA,NA,2.0000000000000004,2
BR17-1,20170512,UCSBintake,bioreactor,flowthru,NA,NA,NA,0,NA,0,55.64083861874559,1.8058758231050822,1.2769470404984418,NA,NA,NA,NA,NA,NA,NA,NA,NA,NA,NA,NA,NA,NA,NA,NA,NA,2017-05-12,UCSB intake,ambient,0,NA,2.0000000000000004,2
BR17-1,20170512,UCSBintake,bioreactor,flowthru,NA,5,mixed,1,0.067,7,51.094326990838624,0.5066497186071908,0.3582554517134007,NA,NA,NA,NA,NA,NA,NA,NA,NA,NA,NA,NA,NA,NA,NA,NA,NA,2017-05-12,UCSB intake,ambient,1,4,2.0000000000000004,2
BR17-1,20170512,UCSBintake,bioreactor,flowthru,NA,5_6,mixed,2,0.067,7,51.78037350246654,0.6366163855542412,0.45015576323987355,NA,NA,NA,NA,NA,NA,NA,NA,NA,NA,NA,NA,NA,NA,NA,NA,NA,2017-05-12,UCSB intake,ambient,2,4,2.0000000000000004,2
BR17-1,20170512,UCSBintake,bioreactor,flowthru,NA,5_6_8,mixed,3,0.067,7,51.34045102184638,1.2269734489747948,0.8676012461059237,NA,NA,NA,NA,NA,NA,NA,NA,NA,NA,NA,NA,NA,NA,NA,NA,NA,2017-05-12,UCSB intake,ambient,3,4,2.0000000000000004,2
BR17-2,20170517,goletapier,bioreactor,0m,NA,NA,mixed,0,NA,0,68.71907001044931,0.20861004655695917,0.1475095785440672,NA,NA,NA,NA,NA,NA,NA,NA,NA,NA,NA,NA,NA,NA,NA,NA,NA,2017-05-17,Goleta Pier,surface,0,NA,2.0000000000000004,2
BR17-2,20170517,goletapier,bioreactor,0m,NA,5,mixed,1,0.067,7,60.67500870776734,0.4334754214170443,0.3065134099616884,NA,NA,NA,NA,NA,NA,NA,NA,NA,NA,NA,NA,NA,NA,NA,NA,NA,2017-05-17,Goleta Pier,surface,1,4,2.0000000000000004,2
BR17-2,20170517,goletapier,bioreactor,0m,NA,5_6,mixed,2,0.067,7,54.51408916753745,0.09753196981883622,0.06896551724138078,NA,NA,NA,NA,NA,NA,NA,NA,NA,NA,NA,NA,NA,NA,NA,NA,NA,2017-05-17,Goleta Pier,surface,2,4,1.9999999999999996,2
BR17-2,20170517,goletapier,bioreactor,0m,NA,5_6_8,mixed,3,0.067,7,54.38382096830372,1.3058447070188264,0.9233716475095725,NA,NA,NA,NA,NA,NA,NA,NA,NA,NA,NA,NA,NA,NA,NA,NA,NA,2017-05-17,Goleta Pier,surface,3,4,2.0000000000000004,2
BR17-2,20170517,goletapier,bioreactor,0m,NA,5_6_8_9,mixed,4,0.067,7,53.25355276907001,2.221561534762333,1.5708812260536396,NA,NA,NA,NA,NA,NA,NA,NA,NA,NA,NA,NA,NA,NA,NA,NA,NA,2017-05-17,Goleta Pier,surface,4,4,2.0000000000000004,2
BR17-2,20170517,goletapier,bioreactor,0m,NA,5_6_8_9_10,mixed,5,0.067,7,52.4872692441658,0.26008525285022155,0.1839080459770095,NA,NA,NA,NA,NA,NA,NA,NA,NA,NA,NA,NA,NA,NA,NA,NA,NA,2017-05-17,Goleta Pier,surface,5,4,2.0000000000000004,2
