exp,date,bioreactor,beads,flow_rate_ml_min,effluent_mean,effluent_sd,effluent_se,effluent_n_vials,influent_mean,influent_sd,influent_se,influent_n_vials,conditioning_start,days_conditioning,months_conditioning,doc_removal,propagated_se_delta,z_value,p_value,exceeds_detection_limit
BR14-1,2014-09-19,1,homogenous,4,58.692051820728295,1.1368512205954209,0.6563613582393208,3,60.26908263305322,0.8690392111313071,0.3547837722904203,6,2014-09-19,0,0,1.577030812324928,0.7461110893629627,2.113667568821974,0.034543670322512,TRUE
BR14-1,2014-09-19,3,homogenous,4,59.245739962651726,1.2966323722395088,0.7486110491524635,3,60.26908263305322,0.8690392111313071,0.3547837722904203,6,2014-09-19,0,0,1.0233426704014974,0.8284262356986124,1.2352852025968393,0.21672437890872642,FALSE
BR14-1,2014-09-19,5,mixed,4,58.87692577030813,0.9954821089029079,0.5747418635485503,3,60.26908263305322,0.8690392111313071,0.3547837722904203,6,2014-09-19,0,0,1.3921568627450966,0.6754255953070487,2.0611550293888725,0.039288252275897495,FALSE
BR14-1,2014-09-19,7,mixed,4,60.357784780578896,1.2982984274372613,0.7495729465693707,3,60.26908263305322,0.8690392111313071,0.3547837722904203,6,2014-09-19,0,0,-0.08870214752567307,0.8292955608884623,-0.1069608372564329,0.9148200488048345,FALSE
BR14-2,2014-09-30,1,homogenous,4,61.77938144329897,1.0886042541978425,0.7697594501718185,2,60.93814432989691,0.5226836883752496,0.21338472223254218,6,2014-09-19,11,0.3613963039014374,-0.841237113402066,0.798788239029018,-1.0531415865920204,0.2922761054815921,FALSE
BR14-2,2014-09-30,3,homogenous,4,61.30630011454753,0.5788040697400426,0.33417268547246454,3,60.93814432989691,0.5226836883752496,0.21338472223254218,6,2014-09-19,11,0.3613963039014374,-0.36815578465062515,0.396490130265733,-0.9285370720423286,0.3531290468949937,FALSE
BR14-2,2014-09-30,5,mixed,4,61.68888888888889,0.60703602486325825,0.3504724123626025,3,60.93814432989691,0.5226836883752496,0.21338472223254218,6,2014-09-19,11,0.3613963039014374,-0.7507445589919826,0.41032176582472596,-1.8296483918736897,0.06730253260776756,FALSE
BR14-2,2014-09-30,7,mixed,4,61.92142038946162,1.015417884265635,0.5862517888207246,3,60.93814432989691,0.5226836883752496,0.21338472223254218,6,2014-09-19,11,0.3613963039014374,-0.9832760595647159,0.6238783531889519,-1.5760701658243212,0.11500963371291723,FALSE
BR14-3,2014-10-14,1,homogenous,4,64.80754208754207,1.1634170071127778,0.6716991222363511,3,65.06118967452299,0.9009587640702453,0.3678148752101126,6,2014-09-19,25,0.8213552361396304,0.25364758698091805,0.765811656504989,0.3312140587393444,0.7404828016554463,FALSE
BR14-3,2014-10-14,3,homogenous,4,66.16332210998877,0.377830189761865,0.21814036176698015,3,65.06118967452299,0.9009587640702453,0.3678148752101126,6,2014-09-19,25,0.8213552361396304,-1.1021324354657764,0.42763652774015887,-2.5772644850756428,0.009958571924562934,FALSE
BR14-3,2014-10-14,5,mixed,4,65.42482603815937,1.0295600410737102,0.5944167668607888,3,65.06118967452299,0.9009587640702453,0.3678148752101126,6,2014-09-19,25,0.8213552361396304,-0.36363636363637397,0.6990129291730333,-0.5202140739607974,0.602914377054445,FALSE
BR14-3,2014-10-14,7,mixed,4,66.48543209876543,1.0508125683022735,0.6066869191771597,3,65.06118967452299,0.9009587640702453,0.3678148752101126,6,2014-09-19,25,0.8213552361396304,-1.4242424242424363,0.7094764268997978,-2.007455597173192,0.04470117403044659,FALSE
BR14-4,2014-10-16,1,homogenous,4,65.44753421900162,1.3560365176846219,0.7829080485161792,3,64.49354116344607,1.3573451020696206,0.5541338174894203,6,2014-09-19,27,0.8870636550308009,-0.9539930555555571,0.9591711526713104,-0.9946014878561223,0.31993012359685474,FALSE
BR14-4,2014-10-16,3,homogenous,4,63.828321256038656,2.1008493974072486,1.2129259651199382,3,64.49354116344607,1.3573451020696206,0.5541338174894203,6,2014-09-19,27,0.8870636550308009,0.6652199074074119,1.3335117864299257,0.49884816480575467,0.617886353332295,FALSE
BR14-4,2014-10-16,5,mixed,4,63.859571256038656,1.6487462501946373,0.95190409137526,3,64.49354116344607,1.3573451020696206,0.5541338174894203,6,2014-09-19,27,0.8870636550308009,0.6339699074074119,1.101447087636241,0.5755790854810303,0.5648997209593278,FALSE
BR14-4,2014-10-16,7,mixed,4,63.547071256038656,0.9684388189978617,0.5591284128420987,3,64.49354116344607,1.3573451020696206,0.5541338174894203,6,2014-09-19,27,0.8870636550308009,0.9464699074074119,0.787203194691639,1.2023196981284614,0.22923968792845706,FALSE
BR14-5,2014-10-24,1,homogenous,4,62.178605659629305,0.5861655661732976,0.3384228474198428,3,63.15412355040143,0.19308483040265195,0.11147757880940434,3,2014-09-19,35,1.1498973305954825,0.9755178907721245,0.3563106428847743,2.7378297849149367,0.006184607693752812,FALSE
BR14-5,2014-10-24,3,homogenous,4,60.20402938844287,0.22115835866883943,0.12768583791099025,3,63.15412355040143,0.19308483040265195,0.11147757880940434,3,2014-09-19,35,1.1498973305954825,2.9500941619585603,0.1695019875406735,17.40448123801887,7.629400262217759e-68,TRUE
BR14-5,2014-10-24,5,mixed,4,60.83020641292497,0.973844535472412,0.5622494047038432,3,63.15412355040143,0.19308483040265195,0.11147757880940434,3,2014-09-19,35,1.1498973305954825,2.3239171374764567,0.5731942460170313,4.054327400570951,5.0278757392494013e-5,TRUE
BR14-5,2014-10-24,7,mixed,4,61.37540415303797,0.2182709946752357,0.1260188175320347,3,63.15412355040143,0.19308483040265195,0.11147757880940434,3,2014-09-19,35,1.1498973305954825,1.77871939736346,0.16824979331154974,10.571896478171528,4.0227621516499607e-26,TRUE
BR14-6,2014-10-30,1,homogenous,4,61.17983339169002,0.9256477598210536,0.5344229833074594,3,60.923997724089645,0.650493509377232,0.3755626027450493,3,2014-09-19,41,1.3470225872689938,-0.2558356676003726,0.6531884824978781,-0.391672043300616,0.6953005491484576,FALSE
BR14-6,2014-10-30,3,homogenous,4,61.95481004901961,2.072051106920003,1.196299264354926,3,60.923997724089645,0.650493509377232,0.3755626027450493,3,2014-09-19,41,1.3470225872689938,-1.0308123249299683,1.253865701930144,-0.8221074420834564,0.41101575029473436,FALSE
BR14-6,2014-10-30,5,mixed,4,61.3343618697479,0.560535627663281,0.3963585434173637,2,60.923997724089645,0.650493509377232,0.3755626027450493,3,2014-09-19,41,1.3470225872689938,-0.4103641456582565,0.5460287204173147,-0.7515431520609879,0.45232584104476964,FALSE
BR14-6,2014-10-30,7,mixed,4,64.12287727591037,1.0101525445522022,0.7142857142857082,2,60.923997724089645,0.650493509377232,0.3755626027450493,3,2014-09-19,41,1.3470225872689938,-3.198879551820724,0.8070014561407434,-3.9639080295077314,7.37326685227798e-5,FALSE
BR14-7,2014-11-03,1,homogenous,4,62.43764595103579,0.2734768702495674,0.15789194465572412,3,63.52521657250471,0.669684192004285,0.386642348525711,3,2014-09-19,45,1.4784394250513346,1.0875706214689203,0.41763880550140886,2.604093793830304,0.009211754371365285,FALSE
BR14-7,2014-11-03,3,homogenous,4,61.78322033898305,0.29871907442730733,0.17246553803268175,3,63.52521657250471,0.669684192004285,0.386642348525711,3,2014-09-19,45,1.4784394250513346,1.741996233521661,0.42336351694776414,4.114658358095116,3.877532845861097e-5,TRUE
BR14-7,2014-11-03,5,mixed,4,61.108079096045195,0.4417299963569952,0.2550329323058436,3,63.52521657250471,0.669684192004285,0.386642348525711,3,2014-09-19,45,1.4784394250513346,2.4171374764595157,0.46317826183230404,5.218590067024027,1.802903011551059e-7,TRUE
BR14-7,2014-11-03,7,mixed,4,61.63915254237289,0.6077211638849848,0.35086797756122867,3,63.52521657250471,0.669684192004285,0.386642348525711,3,2014-09-19,45,1.4784394250513346,1.88606403013182,0.5221117153937309,3.6123763832985736,3.0340375347506576e-4,TRUE
BR14-8,2014-11-15,1,homogenous,4,71.03093955979286,1.0975051918134302,0.6336449179304958,3,72.74939530367233,0.11746114625024186,0.06781622440689915,3,2014-09-19,57,1.8726899383983573,1.718455743879474,0.6372636207347409,2.6966167343714984,0.007004784099030205,TRUE
BR14-8,2014-11-15,3,homogenous,4,72.52905632062148,1.5820016121461724,1.118644067796609,2,72.74939530367233,0.11746114625024186,0.06781622440689915,3,2014-09-19,57,1.8726899383983573,0.2203389830508513,1.1206978141806787,0.19660873811192095,0.8441337320577956,FALSE
BR14-8,2014-11-15,5,mixed,4,70.85768155602638,0.8680930838706943,0.5011937756543977,3,72.74939530367233,0.11746114625024186,0.06781622440689915,3,2014-09-19,57,1.8726899383983573,1.8917137476459516,0.5057610513350328,3.740331017290649,1.837780666340518e-4,TRUE
BR14-8,2014-11-15,7,mixed,4,72.61851018126178,1.3850577567067082,0.7996634686777973,3,72.74939530367233,0.11746114625024186,0.06781622440689915,3,2014-09-19,57,1.8726899383983573,0.13088512241054673,0.8025339266539535,0.1630898309262175,0.8704477063458483,FALSE
BR15-1,2015-03-10,1,homogenous,4,55.61364035087719,NA,NA,1,62.86393274853801,1.0216460966971324,0.41708527243568283,6,2014-09-19,172,5.650924024640657,7.250292397660822,NA,NA,NA,TRUE
BR15-1,2015-03-10,3,homogenous,4,55.88557017543859,1.7739696440294088,1.2543859649122806,2,62.86393274853801,1.0216460966971324,0.41708527243568283,6,2014-09-19,172,5.650924024640657,6.9783625730994245,1.3219093287558195,5.279002440861399,1.2988907504939035e-7,TRUE
BR15-1,2015-03-10,5,mixed,4,59.70109508547009,0.6383602885711892,0.4513888888888892,2,62.86393274853801,1.0216460966971324,0.41708527243568283,6,2014-09-19,172,5.650924024640657,3.1628376630679256,0.6145828288319596,5.146316354264292,2.656512791439444e-7,TRUE
BR15-1,2015-03-10,7,mixed,4,58.63859508547009,1.389661243581896,0.9826388888888892,2,62.86393274853801,1.0216460966971324,0.41708527243568283,6,2014-09-19,172,5.650924024640657,4.225337663067926,1.0674920657501574,3.958191164726512,7.551950641154247e-5,TRUE
